Unnamed: 0,content,Quality,Service,Shipping,Packing
273,"Cá»±c kÃ¬ khÃ´ng hÃ i lÃ²ng vá» cÃ¡ch Ä‘Ã³ng hÃ ng cá»§a Tiki vá»›i sáº£n pháº©m cÃ³ giÃ¡ trá»‹ lá»›n nhÆ° iPhone. ÄÃ³ng hÃ ng cáº©u tháº£, váº­n chuyá»ƒn mÃ³p mÃ©o, biáº¿n dáº¡ng cáº¡nh há»™p iPhone. NhÃ¢n viÃªn giao hÃ ng cÅ©ng khÃ´ng Ä‘á»‘i soÃ¡t khi giao Ä‘á»‘i vá»›i sáº£n pháº©m cÃ³ giÃ¡ trá»‹ lá»›n. Cá»±c kÃ¬ khÃ´ng hÃ i lÃ²ng!!!",,,0,0
359,"BÃªn tiki khÃ´ng giáº£i Ä‘Ã¡p tháº¯c máº¯c vá» giao hÃ ng trá»… 1 tuáº§n. MÃ¬nh bÃ¡o há»§y máº¥y láº§n mÃ  cuá»‘i cÃ¹ng hok Ä‘x, khi pháº£i nháº­n tá»« shipper thÃ¬ nháº­n Ä‘Æ°á»£c hÃ ng khÃ´ng Ä‘Æ°á»£c bá»c bao nilong nÃªn bá»‹ Æ°á»›t sÃ¡ch.",,,0,0
511,"Há»™p bá»‹ hÆ° há»ng lÃºc váº­n chuyá»ƒn ráº¥t nhiá»u, HUA vá»‘n ko cÃ³ seal rá»“i thÃªm cáº£ ko chá»‘ng sá»‘c nÃªn bookmark bá»‹ rá»›t ra cong vÃ²ng in dáº¥u háº±n lÃªnğŸ¥²",,,0,0
682,Ä‘Ã³ng gÃ³i tá»‡ váº­n chuyá»ƒn viettel ship Ä‘Ã¨ hÃ ng kinh khá»§ng,,,0,0
900,Giao hÃ ng cháº­m hÆ¡n so vá»›i dá»± kiáº¿n. bÃ¡o sai hoÃ£n mÃ  báº£n thÃ¢n ko biáº¿t thÃ´ng tin. ÄÃ³ng gÃ³i,,,0,0
1002,"Dáº¡o gáº§n Ä‘Ã¢y Tiki Ä‘Ã³ng hÃ ng Ä‘Ãºng chÃ¡n, mua sÃ¡ch thÃ¬ ko bá»c Ä‘Ã ng hoÃ ng, giao hÃ ng Ä‘i tá»‰nh mÃ  Ä‘Ã³ng gÃ³i chá»‰ cÃ³ 1 hÃ ng bÄƒng keo. Giáº£ sá»­ trá»i mÆ°a thÃ¬ hÃ ng bá»‹ Æ°á»›t lÃ  cháº¯c rá»“i, lÃºc xÆ°a hÃ i lÃ²ng vá» Ä‘Ã³ng gÃ³i hÃ ng hoÃ¡ Ä‘áº¹p bao nhiÃªu thÃ¬ bÃ¢y giá» tháº¥t vá»ng báº¥y nhiÃªu. Hi vá»ng tiki nÃ¢ng cáº¥p dá»‹ch vá»¥ nÃ y",,,0,0
1016,Ä‘Ã³ng gÃ³i tá»‡ váº­n chuyá»ƒn viettel ship Ä‘Ã¨ hÃ ng kinh khá»§ng,,,0,0
1317,"DÃ¹ sáº£n pháº©m bá»‹ pháº£n Ã¡nh ráº¥t nhiá»u vá» cháº¥t lÆ°á»£ng Ä‘Ã³ng gÃ³i hÃ ng hoÃ¡ nhÆ°ng tiki váº«n khÃ´ng sá»­a, ráº¥t tháº¥t vá»ng vá» láº§n mua hÃ ng nÃ y. á»• cá»©ng khÃ´ng bá»c xá»‘p chá»‘ng sá»‘c hay gÃ¬ cáº£ cá»© thá»ƒ tháº£ vÃ o trong há»™p bÃªn ngoÃ i nhÃ£n cÅ©ng khÃ´ng ghi lÃ  á»• cá»©ng thÃ¬ bÃªn váº­n chuyá»ƒn sao biáº¿t Ä‘Ã³ lÃ  á»• cá»©ng mÃ  Ä‘á»ƒ nháº¹ nhÃ ng Ä‘Æ°á»£c? vá» pháº§n thÃ´ng tin cá»§a á»• thÃ¬ cÅ©ng nhÃ¬n cÅ©ng cÃ³ váº» khÃ´ng Ä‘Æ°á»£c tá»‘t láº¯m, khÃ´ng biáº¿t cÃ³ pháº£i lÃ  do váº­n chuyá»ƒn bá»‹ vá»©t quÄƒng quáº­t khÃ´ng? ThÃªm ná»¯a lÃºc Ä‘áº§u Ä‘áº·t á»Ÿ kho HN vá» sau tá»± chuyá»ƒn vá» kho HCM cÅ©ng khÃ´ng tháº¥y thÃ´ng bÃ¡o láº¡i cho KH, trong khi Ä‘Ã³ HCM Ä‘ang dÃ£n cÃ¡ch. NÃ³i chung láº§n mua nÃ y tráº£i nghiá»‡m khÃ¡ tá»‡",,,0,0
1410,"(*) ÄÃ¡nh giÃ¡ khÃ´ng tÃ­nh Ä‘iá»ƒm
HÃ ng Ä‘iá»‡n tá»­ mÃ  há»™p bá»‹ ná»©t rÃ¡ch tháº¿ nÃ y. Cáº§n chÃº Ã½ khÃ¢u váº­n chuyá»ƒn ghi chÃº rÃµ rÃ ng Ä‘á»ƒ báº£o vá»‡ sáº£n pháº©m.",,,0,0
1474,Giao hÃ ng sÆ¡ sÃ i ko cÃ³ lá»›p báº£o vá»‡,,,0,0
1498,"(*) ÄÃ¡nh giÃ¡ khÃ´ng tÃ­nh Ä‘iá»ƒm
SÃ¡ch bÃ¬a cá»©ng mÃ  shipper Ä‘á»ƒ há»™p nÃ¡t bÃ©t, há»ng cáº£ gÃ³c sÃ¡ch. ÄÃ³ng gÃ³i cÅ©g ko bá»c gÃ³c láº¡i gÃ¬ cáº£",,,0,0
1538,"Xin Ä‘Æ°á»£c phÃ©p Ä‘Ã¡nh giÃ¡ 1* cho Tiki vÃ¬ tráº£i nghiá»‡m quÃ¡ tá»‡.
Vá» váº¥n Ä‘á» giao hÃ ng: mÃ¬nh khÃ´ng nghÄ© á»Ÿ tá»‰nh láº» láº¡i giao hÃ ng lÃ¢u Ä‘áº¿n nhÆ° váº­y (bÃ¬nh thÆ°á»ng mÃ¬nh Ä‘áº·t á»Ÿ HN nhÆ°ng do Ä‘ang á»Ÿ quÃª trÃ¡nh dá»‹ch).
Thá»© hai: má»™t quyá»ƒn sÃ¡ch khÃ´ng cÃ³ má»™t chÃºt bá»c sÃ¡ch nÃ o, thá»­ há»i vá»©t quÄƒng quáº­t á»Ÿ tráº¡m kiá»ƒm hÃ ng rá»“i lÃºc giao hÃ ng thÃ¬ nÃ³ nhÆ° nÃ o!?
KhÃ´ng thá»ƒ diá»…n táº£ háº¿t Ä‘Æ°á»£c sá»± tháº¥t vá»ng nÃ y.",,,0,0
1637,"Mua 3 cuá»‘n Karotei, Naoko vá»›i 11 chá»¯, Ä‘Ã³ng gÃ³i giao hÃ ng nhanh nhÆ°ng mÃ  sÆ¡ sÃ i, may mÃ  shipper cáº©n tháº­n nÃªn há»™p khÃ´ng bá»‹ mÃ³p mÃ©o gÃ¬ áº£nh hÆ°á»Ÿng sÃ¡ch bÃªn trong.
2 cuá»‘n kia bÃ¬nh thÆ°á»ng chá»‰ riÃªng cuá»‘n 11 chá»¯ gÃ¡y trÃªn bá»‹ tÃ¬ sáºµn nhÃ¬n ráº¥t xáº¥u ráº¥t bá»±c mÃ¬nh luÃ´n. (k pháº£i do váº­n chuyá»ƒn). NhÆ°ng mÃ  bá»c plastic láº¡i thÃ¬ Ä‘á»¡ hÆ¡n. 
TrÆ°á»›c giá» Ä‘á»u OK, Ä‘Ã¢y lÃ  láº§n Ä‘áº§u tiÃªn mÃ¬nh bá»‹ nhÆ° váº§y nÃªn hÆ¡i khÃ³ chá»‹u. Mong lÃ  sáº½ khÃ´ng cÃ³ láº§n sau.",,,0,0
1697,"HÃ ng giao trá»… gáº§n 10 ngÃ y, há»™p thÃ¬ Ä‘Ã³ng gÃ³i quÃ¡ tá»‡, há»™p sáº£n pháº©m rÃ¡ch tá»‡. cháº¥t lÆ°á»£ng sáº£n pháº©m táº¡m á»•n",1,,0,0
2013,"MÃ¬nh biáº¿t chá»‹ Linh rá»“i má»›i mua sÃ¡ch nÃªn khÃ´ng bÃ n nhiá»u vá» ná»™i dung. CÃ²n hÃ¬nh thá»©c in áº¥n Ä‘Ã³ng gÃ³i, váº­n chuyá»ƒn thÃ¬ hÆ¡i tá»‡. GÃ£y máº¥t 1 gÃ³c sÃ¡ch cá»§a mÃ¬nh. Keo dÃ¡n thÃ¬ hÆ¡i quÃ¡ vÃ  khi má»Ÿ tá»«ng trang ra nÃ³ bá»‹ rÃ¡ch ra. HÆ¡i tháº¥t vá»ng :)",,,0,0
2163,MÃ¬nh lÃ  ngÆ°á»i ráº¥t yÃªu SÃ¡ch. MÃ  nhÃ¬n bao bÃ¬ Ä‘Æ°á»£c Ä‘Ã³ng gÃ³i nhÆ° tháº¿ nÃ y. KhÃ´ng rÃµ Ä‘Ã¢y lÃ  lá»—i Ä‘Ã³ng gÃ³i cá»§a Tiki hay bÃªn váº­n chuyá»ƒn nhÆ°ng ThÃ¹ng hÃ ng bá»‹ bung ra. SÃ¡ch thÃ¬ bá»‹ rÃ¡ch trang. Äá» nghá»‹ tiki thu há»“i hÃ ng hoÃ n tiá»n sáº£n pháº©m nÃ y cho mÃ¬nh,,1,0,0
2315,"ChÆ°a Ä‘á»c nhÆ°ng lÃºc nháº­n lÃ  tháº¥y khÃ³ chá»‹u vÃ¬ há»™p Æ°á»›t rá»“i, 1 pháº§n do mÃ¬nh nhá» ng nhÃ  nháº­n nÃªn cÅ©ng ko ktra kÄ©, lÃºc má»Ÿ ra shop gÃ³i hÃ ng cáº©u tháº£, ko bá»c nilon hay chá»‘ng sá»‘c trá»i mÆ°a shipper che ko kÄ© lÃ m uá»›t há»™p ngoÃ i nÃªn cÅ©ng Æ°á»›t háº¿t sÃ¡ch bÃªn trong ğŸ˜¡ğŸ¤¬",,,0,0
2333,"mÃ¬nh mua sÃ¡ch Ä‘á»ƒ Ä‘á»c nÃªn cÅ©ng khÃ´ng quÃ¡ quan trá»ng hÃ¬nh thá»©c, nhÆ°ng háº§u nhÆ° láº§n nÃ o giao Ä‘áº¿n cÅ©ng bá»‹ mÃ³p, báº¹p gÃ¡y sÃ¡ch. Ä‘á» nghá»‹ tiki pháº£n há»“i Ä‘Æ¡n vá»‹ Ä‘Ã³ng gÃ³i vÃ  váº­n chuyá»ƒn.",,,0,0
2384,Giao trá»… hÆ¡n 1 ngÃ y so vá»›i ngÃ y Ä‘Æ°á»£c bÃ¡o. SÃ¡ch bá»‹ quÄƒn gÃ³c nhiá»u do Ä‘áº·t trong há»™p lá»›n mÃ  khÃ´ng cÃ³ bá»c gÃ¬. BÃ¬a cÅ©ng hÆ¡i bá»‹ tráº§y. NhÆ°ng mÃ  ruá»™t sÃ¡ch khÃ´ng bá»‹a áº£nh hÆ°á»Ÿng nhiá»u nÃªn táº¡m á»•n. CÃ³ kÃ¨m theo 1 bookmark nhá» xinh,1,,0,0
2663,"Giao hÃ ng lÃ¢u , máº·c dÃ¹ hÃ ng tá»‘t nhÆ°ng hÃ ng gÃ³i xáº¥u . Shop nháº¯n tin nháº§m",1,1,0,0
2733,"TrÆ°á»›c giá» tiki chÆ°a bao giá» lÃ m mÃ¬nh tháº¥t vá»ng, nhÆ°ng láº§n nÃ y láº¡i khÃ¡c. CÃ³ váº» khÃ¢u váº­n chuyá»ƒn Ä‘Ã£ khiáº¿n gÃ³c sÃ¡ch bá»‹ cong, tuy khÃ´ng nhiá»u, nhÆ°ng Ä‘á»‘i vá»›i ngÆ°á»i yÃªu sÃ¡ch thÃ¬ xÃ³t láº¯m T^T",1,1,0,0
2864,Giao hÃ ng siÃªu lÃ¢u. MÃ¬nh chá»n giao hÃ ng trong 2h tá»« 5-6/9 mÃ  14/9 mÃ¬nh má»›i nháº­n Ä‘c sÃ¡ch. ÄÃ³ng gÃ³i khÃ´ng cho vÃ o há»™p mÃ  chá»‰ bá»c giáº¥y vs bá»c 1 lá»›p xá»‘p má»ng nÃªn bá»‹ gÃ£y háº¿t gÃ³c sÃ¡ch. Tuy khÃ´ng áº£nh hÆ°á»Ÿng Ä‘áº¿n ná»™i dung nh máº¥t tháº©m mÄ© ghÃª ghá»›m ğŸ¥² trÃªn áº£nh lÃ  mÃ¬nh Ä‘Ã£ náº¯n láº¡i rá»“i chá»© lÃºc nháº­n nhÃ¬n báº¹p dÃºm cÃ¡i gÃ³c huhu mong shop chÃº Ã½ há»›n,1,1,0,0
3486,"chá» ráº¥t lÃ¢u, cho thá»i gian giao hÃ nh dá»± kiáº¿n xong tá»›i hÃ´m Ä‘Ã³ lÃªn tháº¥y Ä‘Æ¡n hÃ ng chÆ°a Ä‘Æ°á»£c xÃ¡c nháº­n.
biáº¿t lÃ  tiki gÃ³i qua loa rá»“i nhÆ°ng nháº­n sá»‘c tháº­t sá»±, cuá»‘n há»‘ng khÃ´ng Ä‘Æ°á»£c bao nÃªn hÆ¡i bá»¥i vá»›i mÃ³p gÃ³c, cuá»‘n Ä‘en Ä‘Æ°á»£c bao háº³n hoi Ä‘áº¥y nhÆ°ng mÃ³p gÃ³c, bá»¥i x2,x3 láº§n, hÆ¡i náº£n",1,1,0,0
3523,"GÃ³i hÃ ng sÆ¡ sÃ i, giao hÃ ng lÃ¢u, khi nháº­n Ä‘Æ°á»£c hÃ ng, vá» há»™p bá»‹ mÃ³p khÃ¡ nhiá»u. Mong shop nÃªn cáº£i thiá»‡n nhá»¯ng Ä‘Æ¡n hÃ ng sau, táº­p gÃ³i hÃ ng cho tá»­ táº¿. VÃ¬ Ä‘á»“ linh kiá»‡n Ä‘iá»‡n tá»­ trong lÃºc váº­n chuyá»ƒn xa ráº¥t dá»… hÆ°. Cáº£m Æ¡n.",1,1,0,0
3694,shop khÃ´ng xuáº¥t Ä‘Æ°á»£c hÃ³a Ä‘Æ¡n nhÆ° cam káº¿t,1,1,0,0
3764,"HÃ ng bá»‹ mÃ³p mÃ©o vÃ  bá»‹ Æ°á»›t nháº¹ khi nháº­n Ä‘Æ°á»£c. CÃ³ thá»ƒ thÃ´ng cáº£m náº¿u lÃ  hÃ ng bÃ¬nh thÆ°á»ng, nhÆ°ng lÃ  hÃ ng Ä‘iá»‡n tá»­ thÃ¬ sáº½ bá»‹ áº£nh hÆ°á»Ÿng Ä‘áº¿n cháº¥t lÆ°á»£ng sáº£n pháº©m. Thá»i gian giao cÅ©ng trá»… hÆ¡n so vá»›i thá»i háº¡n cam káº¿t. KhÃ¡ tháº¥t vá»ng vá»›i láº§n Ä‘áº§u tiÃªn mua á»Ÿ shop!",1,1,0,0
3912,"thá»i gian giao hÃ ng quÃ¡ lÃ¢u. há»™p sp mÃ³p mÃ©o, sp trong há»™p lÃµng láº½o, phá»¥ kiá»‡n bung ra tÃ¹m lum. ráº¥t khÃ´ng hÃ i lÃ²ng. mua sp trÃªn 10 triá»‡u chá»© pháº£i mua sp máº¥y trÄƒm ngÃ n Ä‘Ã¢u. tiki lÃ m Äƒn chÃ¡n Ä‘á»i",1,1,0,0
4248,"Tá»« trÆ°á»›c Ä‘áº¿n giá» mÃ¬nh luÃ´n hÃ i lÃ²ng vá»›i dá»‹ch vá»¥ cá»§a tiki nhÆ°ng hÃ´m nay tháº¥t vá»ng thá»±c sá»±. Giao hÃ ng cháº­m, Ä‘Ã³ng gÃ³i thÃ¬ quÃ¡ sÆ¡ sÃ i, nhÃ¬n cÃ¡i há»™p cÃ¡c tÃ´ng mÃ©o mÃ³ dáº­p nÃ¡t mÃ  shipper mang Ä‘áº¿n lÃ  cÃ³ linh cáº£m khÃ´ng lÃ nh rá»“i. Má»Ÿ ra bÃªn trong thÃ¬ ráº¥t nhiá»u cuá»‘n bá»‹ nhÄƒn bÃ¬a vÃ  gÃ¡y. ChÃ¡n ko thá»ƒ táº£ ná»•i ! áº¢nh mÃ¬nh chá»¥p lÃªn nhÃ¬n cÃ³ váº» khÃ´ng nghiÃªm trá»ng cho láº¯m nhÆ°ng nhÃ¬n á»Ÿ ngoÃ i thÃ¬ KHÃ”NG KHÃC GÃŒ ÄI MUA á» TIá»†M SÃCH CÅ¨ Vá»€ !",1,1,0,0
4418,tiki giao hÃ ng siÃªu lÃ¢u Ä‘áº·t hai cuá»‘n sÃ¡ch mÃ  má»™t cuá»‘n cáº£ tuáº§n má»›i tháº¥y giao cÃ²n cuá»‘n kia  khÃ´ng biáº¿t bao giá» má»›i vá» sÃ¡ch khÃ´ng cÃ³ bá»c chá»‘ng sá»‘c nhÆ°ng may lÃ  khÃ´ng bá»‹ gÃ¬,1,1,0,0
4895,"MÃ¡y nháº­n Ä‘Æ°á»£c nguyÃªn seal, má»›i 100%, Ä‘Ãºng mÃ u. Tuy nhiÃªn Ä‘Ã¡nh 1* cho Tiki vÃ¬ 3 lÃ½ do sau:
1. Giao hÃ ng cháº­m trá»…: Ä‘áº·t hÃ ng vÃ  thanh toÃ¡n ngÃ y 19/08/2021, háº¹n giao hÃ ng Ä‘áº¿n ngÃ y 30/08/2021 tuy nhiÃªn Ä‘áº¿n 8h30 ngÃ y 28/10/2021 má»›i nháº­n Ä‘Æ°á»£c hÃ ng qua 4 láº§n khiáº¿u náº¡i, tá»©c lÃ  trá»… gáº§n 2 thÃ¡ng so vá»›i ngÃ y dá»± kiáº¿n giao hÃ ng. Trong khi Ä‘Ã³ shipper Ä‘Ã£ Ä‘Æ°á»£c hoáº¡t Ä‘á»™ng láº¡i tá»« lÃ¢u.
2. NgÃ y 23/10/2021 nháº­n Ä‘Æ°á»£c tin nháº¯n kÃ­ch hoáº¡t báº£o hÃ nh mÃ¡y tá»« ngÃ y 20/10/2021 cá»§a Samsung, trong khi Ä‘áº¿n hÃ´m nay 28/10/2021 má»›i nháº­n hÃ ng vÃ  má»Ÿ seal mÃ¡y => thá»±c táº¿ khÃ¡ch chÆ°a nháº­n hÃ ng nhÆ°ng Ä‘Ã£ kÃ­ch hoáº¡t báº£o hÃ nh trÆ°á»›c vÃ¬ lÃ½ do gÃ¬ khÃ´ng rÃµ.
3. ÄÃ³ng gÃ³i hÃ ng áº©u: máº·t hÃ ng lÃ  Ä‘iá»‡n thoáº¡i, ráº¥t dá»… hÆ° khi va Ä‘áº­p tuy nhiÃªn ÄVVC Ä‘Ã³ng gÃ³i hÃ ng khÃ´ng cháº·t, trong gÃ³i hÃ ng ngoÃ i há»™p mÃ¡y ra chá»‰ cÃ³ 1 tá» giáº¥y Ä‘á»ƒ chÃªm sÆ¡ sÃ i, hoÃ n toÃ n khÃ´ng cÃ³ mÃºt Ä‘á»ƒ chÃªm cho cá»©ng. MÃ¬nh cáº§m thá»­ há»™p láº¯c láº¯c thá»­ thÃ¬ tháº¥y ráº¥t lá»ng, trong khi hÃ ng Ä‘Ã£ á»Ÿ bÃªn ngoÃ i hÆ¡n 2 thÃ¡ng vÃ  báº£o quáº£n lÆ°u kho nhÆ° tháº¿ nÃ o khÃ´ng rÃµ, ko biáº¿t cÃ³ áº£nh hÆ°á»Ÿng tuá»•i thá» mÃ¡y sau nÃ y hay khÃ´ng! 
Äáº¿n hiá»‡n nay khi nháº­n hÃ ng thá»±c sá»± mÃ¬nh Ä‘Ã£ khÃ´ng cÃ²n nhu cáº§u sá»­ dá»¥ng vÃ¬ Ä‘Ã£ chá» quÃ¡ lÃ¢u hÆ¡n 2 thÃ¡ng, cháº³ng Ä‘áº·ng Ä‘á»«ng pháº£i nháº­n mÃ¡y. Má»™t tráº£i nghiá»‡m mua hÃ ng ráº¥t tá»‡ táº¡i Tiki!",1,1,0,0
4929,"Tá»« trÆ°á»›c Ä‘áº¿n giá» mÃ¬nh luÃ´n hÃ i lÃ²ng vá»›i dá»‹ch vá»¥ cá»§a tiki nhÆ°ng hÃ´m nay tháº¥t vá»ng thá»±c sá»±. Giao hÃ ng cháº­m, Ä‘Ã³ng gÃ³i thÃ¬ quÃ¡ sÆ¡ sÃ i, nhÃ¬n cÃ¡i há»™p cÃ¡c tÃ´ng mÃ©o mÃ³ dáº­p nÃ¡t mÃ  shipper mang Ä‘áº¿n lÃ  cÃ³ linh cáº£m khÃ´ng lÃ nh rá»“i. Má»Ÿ ra bÃªn trong thÃ¬ ráº¥t nhiá»u cuá»‘n bá»‹ nhÄƒn bÃ¬a vÃ  gÃ¡y. ChÃ¡n ko thá»ƒ táº£ ná»•i ! áº¢nh mÃ¬nh chá»¥p lÃªn nhÃ¬n cÃ³ váº» khÃ´ng nghiÃªm trá»ng cho láº¯m nhÆ°ng nhÃ¬n á»Ÿ ngoÃ i thÃ¬ KHÃ”NG KHÃC GÃŒ ÄI MUA á» TIá»†M SÃCH CÅ¨ Vá»€ !",1,1,0,0
4995,"Vá» kiáº¿n thá»©c trong sÃ¡ch thÃ¬ khÃ´ng bÃ n Ä‘áº¿n , nhÆ°ng cÃ¡ch váº­n chuyá»ƒn hÃ ng quÃ¡ kÃ©m , Ä‘á»ƒ hÃ ng bá»‹ mÃ³p biáº¿n dáº¡ng bÃ¬a lÃ  Ä‘iá»u khÃ´ng thá»ƒ vÃ¬ , quyá»ƒn sÃ¡ch chÃ­nh hÃ£ng nÃ³ khÃ¡c quyá»ƒn sÃ¡ch láº­u lÃ  á»Ÿ khÃ¢u cháº¥t lÆ°á»£ng , nhÆ°ng khi giao Ä‘áº¿n tay ngÆ°á»i dÃ¹ng thÃ¬ cháº¥t lÆ°á»£ng nÃ³ bá»‹ giáº£m , thÃ¬ nÃ³ khÃ´ng khÃ¡c sÃ¡ch láº­u lÃ  máº¥y , nÃªn xem xÃ©t láº¡i quy trÃ¬nh báº£o quáº£n vÃ  váº­n chuyá»ƒn hÃ ng , thÃ¢n gá»­i , mong Ä‘Æ°á»£c pháº£n há»“i tá»« shop",1,1,0,0
5023,"Äáº·t tá»« Ä‘áº§u thÃ¡ng cuá»‘i thÃ¡ng má»›i nháº­n nhÆ°ng láº¡i mÃ³p mÃ©o sÃ¡ch háº¿t, hÃ¬nh áº£nh ko tháº¥y rÃµ nhÆ°ng Ä‘áº·t tá»« Ä‘áº§u thÃ¡ng tá»›i cuá»‘i thÃ¡ng mÃ  khÃ´ng bá»c lá»›p ngoÃ i lÃ  mn biáº¿t nÃ³ bá»‹ sao rá»“i, chÃ¡n. :)",,,0,0
5104,"sáº£n pháº©m cÃ³ váº» á»•n nhÆ°ng cáº£m tháº¥y cá»¥m tá»« ""hÃ ng cá»±c ká»³ dá»… vá»¡"" chá»‰ Ä‘á»ƒ cho vui :)) vÃ¬ nháº­n hÃ ng xong lÃ  cÃ¡i chá»¥p Ä‘Ã¨n nÃ³ mÃ³p láº¡i luÃ´n :))",,,0,0
5110,"(*) ÄÃ¡nh giÃ¡ khÃ´ng tÃ­nh Ä‘iá»ƒm
Äáº·t truyá»‡n tá»« thá»© 3 tuáº§n trÆ°á»›c, Ä‘áº¿n táº­n thá»© 2 tuáº§n sau má»›i nháº­n Ä‘Æ°á»£c. ÄÃ£ váº­y hÃ ng Ä‘áº¿n tay há»™p thÃ¬ nÃ¡t, khÃ´ng cÃ³ chá»‘ng sÃ³c, bookcare bá»c cáº©u tháº£, truyá»‡n Ä‘áº¿n tay bá»‹ def. CÃ ng ngÃ y dá»‹ch vá»¥ cÃ ng xuá»‘ng cáº¥p",,,0,0
5152,"ChÆ°a sá»­ dá»¥ng nhÆ°ng bÃ¬nh bá»‹ vá»¡ do váº­n chuyá»ƒn. Náº¿u bá»‹ quÃ¡ thÆ°á»ng xuyÃªn nhÆ° váº­y Ä‘Ã¡ng ra shop pháº£i lÆ°u Ã½ hÆ¡n mÃ  bá»c ká»¹ chá»©, khÃ¡ch hÃ ng Ä‘á»•i tráº£ cÅ©ng phiá»n mÃ  bÃ¬nh vá»¡ chÃ­nh shop cÅ©ng thiá»‡t háº¡i váº­y nhÆ°ng quÃ¡ nhiá»u pháº£n Ã¡nh váº«n k chá»‹u lÆ°u tÃ¢m",,,0,0
5164,"SÃ¡ch giao nhanh nhÆ°ng khi bá»c sÃ¡ch thÃ¬ sÃ¡ch Ä‘á»ƒ bá»‹ mÃ©o gáº¥p láº¡i, há»™p giao hÃ ng cÅ©ng bá»‹ mÃ©o.",,,0,0
5224,"Tiki nÃªn cáº£i thiá»‡n viá»‡c Ä‘Ã³ng gÃ³i, nÃªn Ä‘á»‡m lÃ³t ká»¹ thÃªm, hoáº·c Ã½ kiáº¿n vá»›i bÃªn váº­n chuyá»ƒn, láº§n nÃ o mÃ¬nh nháº­n gÃ³i hÃ ng Ä‘á»u bá»‹ cáº¥n gÃ³c. Äá»c sÃ¡ch mÃ  gÃ³c nhÄƒn nhÃºm ráº¥t khÃ³ chá»‹u!",,,0,0
5240,"Äáº·t hÃ ng 1/8/2021
Nháº­n hÃ ng 25/9/2021
Dá»‹ch bá»‡nh giáº£n cÃ¡ch nÃªn giao hÃ ng cháº­m thÃ¬ mÃ¬nh thÃ´ng cáº£m.
NhÆ°ng nháº­n Ä‘Æ°á»£c thÃ¹ng hÃ ng Ä‘Ã£ bá»‹ rÃ¡ch Ä‘áº¿n má»©c ""háº£ há»ng"" ra háº¿t.
SÃ¡ch lÃ  máº·t hÃ ng dá»… bá»‹ Æ°á»›t hÆ° há»ng mÃ  gÃ³i hÃ ng ráº¥t cáº©u tháº£, khÃ´ng chá»‘ng nÆ°á»›c vÃ  chá»“ng sá»‘c.
May lÃ  láº¥y ra chá»‰ bá»‹ mÃ³p gÃ³c nháº¹.
MÃ¬nh tin dÃ¹ng mÃ  mua hÃ ng Tiki cáº£ trÄƒm triá»‡u rá»“i, nhÆ°ng Ä‘Ã¢y lÃ  láº§n Ä‘áº§u mÃ¬nh complain vá» khÃ¢u Ä‘Ã³ng gÃ³i vÃ  kho hÃ ng.",,,0,0
5284,"Ná»™i dung thÃ¬ chÆ°a Ä‘á»c chÆ°a biáº¿t nhÆ°ng mÃ  trÆ°á»›c Ä‘Ã¢y ngon lÃ nh tháº¿ nÃ o thÃ¬ giá» hÆ¡i bá»‹ tháº¥t vá»ng vá»›i Tiki vÃ¬ vá»¥ báº£o quáº£n vÃ  váº­n chuyá»ƒn sÃ¡ch. Mua 3 cuá»‘n thÃ¬ 2 cuá»‘n bá»‹ bá»¥i báº©n, 1 cuá»‘n quÄƒn mÃ©p. NhÃ¢n viÃªn giao hÃ ng thÃ¬ Æ¡ kÃ¬a máº·c Ä‘á»‹nh kÃ½ tÃªn thay cho khÃ¡ch hÃ ng luÃ´n.",,,0,0
5287,"Tháº­t sá»± ráº¥t tháº¥t vá»ng vÃ¬ Tiki tháº­m chÃ­ khÃ´ng thÃ¨m Ä‘áº·t láº¥y má»™t lá»›p chá»‘ng sá»‘c cho thÃ¹ng Ä‘á»±ng sÃ¡ch, khiáº¿n cáº£ ba cuá»‘n sÃ¡ch mÃ¬nh mua Ä‘á»u bá»‹ cong mÃ©p sÃ¡ch. Tá»™i nghiá»‡p nháº¥t lÃ  cuá»‘n nÃ y, sÃ¡ch bá»‹ Ä‘Ã¨ Ä‘áº¿n má»©c vÃªnh háº³n cáº£ má»™t gÃ³c sÃ¡ch. LÃºc chá»‹ shipper giao hÃ ng Ä‘áº¿n, nhÃ¬n cÃ¡i thÃ¹ng bá»‹ mÃ©o mÃ³ khiáº¿n mÃ¬nh phÃ¡t sá»£.",,,0,0
5299,"sáº£n pháº©m Ä‘onga gÃ³i quÃ¡ tá»‡, mÃ³p mÃ©o hÆ° háº¿t cÃ¡c Ä‘áº§u vÃ¡n",,,0,0
5380,sÃ¡ch quÃ¡ báº©n. Ko hiá»ƒu sao cÃ³ thá»ƒ bá»c cÃ¡i bookcare vÃ o mÃ  ko lau bá»›t bá»¥i Ä‘i. SÃ¡ch cÃ²n bá»‹ gáº­p vÃ i chá»— ná»¯a. Ship hÃ ng thÃ¬ lÃ¢u.,,,0,0
5383,giao hÃ ng bá»‹ Æ°á»›t sÃ¡ch mong Ä‘Æ°á»£c Ä‘á»•i,,,0,0
5412,"Giao hÃ ng quÃ¡ cháº­m, gÃ³i hÃ ng khÃ´ng cáº©n tháº­n",,,0,0
5474,"MÃ¬nh lÃ  fan cá»§a LocknLock nÃªn ko cáº§n bÃ n vá» cháº¥t lÆ°á»£ng sáº£n pháº©m. NhÆ°ng pháº£i cho 1 sao vÃ¬ dá»‹ch vá»¥ cá»§a tiki: Ä‘Ã³ng gÃ³i sÆ¡ sÃ i lÃ m bá»ƒ náº¯p, máº¥t tháº©m má»¹ cá»§a SP; Ä‘Æ¡n vá»‹ giao hÃ ng J&T lÃ m Äƒn cháº­m trá»…, Ä‘áº·t cÃ¹ng lÃºc mÃ  giao cháº­m hÆ¡n Shoppe express 5 ngÃ y trong khi hÃ ng Ä‘Ã£ tá»›i gáº§n nhÃ , nÃªn náº¿u ko tá»± ra láº¥y cháº¯c cháº­m hÆ¡n cáº£ thÃ¡ng ko chá»«ng!",,,0,0
5524,"Giao hÃ ng trá»…. Äáº·t Ä‘áº§u tuáº§n, háº¡n thá»© 6 giao mÃ  bá»‹ delay sang thá»© 2 tuáº§n sau, lÃ m lá»¡ biáº¿t bn cÃ´ng viá»‡c. ÄÃ£ v há»™p cÃ²n bá»‹ má»‘p mÃ©o, giao hÃ ng Ä‘iá»‡n tá»­ mÃ  k lÃ³t bÃ³ng khÃ­ hay xá»‘p gÃ¬ cáº£. Äá»ƒ trong há»™p to hÆ¡n cáº£ á»• cá»©ng láº¯c qua láº¡i á»• cá»©ng cháº¡y rá»™t rá»™t. ChÆ°a nÃ³i vá» cháº¥t lÆ°á»£ng á»• cá»©ng thÃ¬ vá» giao hÃ ng vs Ä‘Ã³ng gÃ³i náº¿u Ä‘c cháº¥m Ã¢m sao. QuÃ¡ tháº¥t vá»ng",,,0,0
5558,"Há»™p hÃ ng thÃ¬ báº¹p dÃºm dÃ³. SÃ¡ch bÃªn trong thÃ¬ nhÃ u nhÄ©. Tháº­t sá»± tháº¥t vá»ng. Äá»£t mua VÄƒn Minh Váº­t cháº¥t cá»§a NgÆ°á»i Viá»‡t cÅ©ng váº­y. Cáº£ tiki vÃ  nhÃ  phÃ¡t hÃ nh Ä‘á»u cÃ³ lá»—i trong láº§n giao hÃ ng nÃ y. Thá»±c sá»± tháº¥t vá»ng. Shipper gá»i giá»¥c bÃ¡o khÃ¡ch lÃ  â€œÄ‘Ã£ Ä‘áº¿n nÆ¡i rá»“i xuá»‘ng Ä‘i!!!â€, trong khi mÃ¬nh ngá»“i ngay vÄƒn phÃ²ng táº§ng 1 Ä‘ang chá» mÃ£i! Tá»›i lÃºc khÃ¡ch pháº£i ra táº­n sáº£nh Ä‘á»©ng Ä‘á»£i cÅ©ng khÃ´ng tháº¥y Ä‘Ã¢u thÃ¬ láº¡i báº£o Ä‘ang tá»›i nÆ¡i sáº¯p ráº½ vÃ o rá»“iâ€¦ QuÃ¡ chÃ¡n náº£n Ä‘Æ¡n hÃ ng nÃ y",,,0,0
5595,"Cáº£m quan Ä‘áº§u tiÃªn lÃ  bÃ¬a ráº¥t Ä‘áº¹p, nhÆ°ng khi má»Ÿ pháº§n cuá»‘i thÃ¬ phÃ¡t hiá»‡n ra sÃ¡ch bá»‹ bong bÃ¬a. NgoÃ i ra thÃ¬ gÃ¡y sÃ¡ch cÅ©ng nhÆ° má»i ngÆ°á»i Ä‘Ã£ tháº¥y, khÃ´ng biáº¿t lÃ  do váº­n chuyá»ƒn hay sao?",1,,0,0
5610,Giao hÃ ng cháº­m. Tiki Now nhÆ°ng giao khÃ´ng Now xÃ­u nÃ o. SÃ¡ch 300k cÆ¡ mÃ  8 gÃ³c cuá»‘n sÃ¡ch Ä‘á»u bá»‹ nhÄƒn,,,0,0
5667,"Mua 4 cuá»‘n chiÃªm tinh thÃ¬ dÃ­nh ngay quyá»ƒn tarot bá»‹ mÃ³p, cháº£ nháº½ láº¡i hoÃ n tráº£.",,,0,0
5692,"thÃ´i em láº¡y máº¥y anh tiki luÃ´n. Ä‘Ã£ giao hÃ ng lÃ¢u rá»“i láº¡i cÃ²n Ä‘Ã³ng gÃ³i chÃ¡n, sÃ¡ch mÃ  bá» y cuá»‘n dÃ´ cÃ¡i há»™p cháº£ cÃ³ miáº¿ng lÃ³t hay quáº¥n giáº¥y gÃ¬ cáº£. bá»‹ tráº§y trÃ³c dÃ­nh bá»¥i báº·m Ä‘áº§y. táº¡m biá»‡t tiki nhÃ©",,,0,0
5700,Sáº£n pháº§m bÃ¬nh thÆ°á»ng nhÆ°ng há»™p bá»‹ mÃ³p vÃ  bá»‹ khui seal,,,0,0
5805,"khÃ´ng biáº¿t tiki dáº¡o nÃ y tháº¿ nÃ o, nhÆ°ng mua láº¡i Ä‘á»“ trÃªn tiki m cÃ³ nhá»¯ng Ä‘Ã¡nh giÃ¡ sau.
Æ¯u Ä‘iá»ƒm:
- Ship nhanh vÃ¬ m Ä‘áº·t trong vÃ²ng 2-3h giao
- May thÃ´i cÃ²n cÃ³ cÃ¡i há»™p k cháº¯c á»• há»ng r.
Khuyáº¿t Ä‘iá»ƒm:
- Äáº§u tiÃªn thÃ¬ m muá»‘n nÃ³i vá» thÃ¡i Ä‘á»™ nhÃ¢n viÃªn giao hÃ ng cáº§n cÃ³ thÃ¡i Ä‘á»™ tá»‘t hÆ¡n.
- NÃªn gÃ³i thÃªm Ä‘á»‡m vÃ o cho á»• cá»©ng vÃ¬ á»• cá»©ng dá»… bá»‹ shock, gÃ¢y ra há»ng hÃ³c. NhÃ¬n cÃ¡i há»™p hÃ ng thÃ¬ to, cÃ¡i á»• cá»©ng bÃ© 1/2 há»™p, Ä‘á»‡m xá»‘p k cÃ³ nhÃ¬n ráº¥t thiáº¿u chuyÃªn nghiá»‡p vÃ  k cáº©n tháº­n.

Káº¿t luáº­n mÃ¬nh tháº¥y á»• má»›i oke vÃ  cháº¡y táº¡m thá»i á»•n vÃ¬ má»›i nháº­n thÃ´i.",1,,0,0
5828,"tráº£i nghiá»‡m mua sáº¯m á»Ÿ tiki váº«n kinh khá»§ng nhÆ° ngÃ y nÃ o :( app bÃ¡o hÃ ng ship Ä‘áº¿n sau 7 ngÃ y lÃ  Ä‘Ãºng 7 ngÃ y má»›i tá»›i. MÃ¬nh Ä‘Ã£ cá»‘ mua báº£n cá»©ng giá»›i háº¡n vÃ¬ ráº¥t thÃ­ch truyá»‡n vÃ  á»§ng há»™ dá»‹ch giáº£ nhÆ°ng hÃ£y nhÃ¬n nhá»¯ng gÃ¬ mÃ¬nh nháº­n Ä‘Æ°á»£c!! GÃ¡y sÃ¡ch nhÄƒn nhÃºm vuá»‘t pháº³ng ko ná»•i vÃ¬ lÃ  bÃ¬a cá»©ng, pad lÃ³t chuá»™t cáº¯t kiá»ƒu mÃ©o xáº¹o cháº¯c bá» vÃ´ cho cÃ³ thÃ´i ha??! Cháº¯c Ä‘Ã¢y cÅ©ng lÃ  lÃ­ do mua á»Ÿ tiki ráº» nháº¥t?!!! Xin kiáº¿u áº¡",,,0,0
5878,Sáº£n pháº©m bá»‹ mÃ³p gáº¥y náº·ng ráº¥t tháº¥t vá»ng vá» khÃ¢u váº­n chuyá»ƒn cá»§a tiki,,,0,0
5954,Giao hÃ ng ráº¥t lÃ¢u tá»« ngÃ y 6/10 Ä‘áº¿n 29/10 má»›i nháº­n Ä‘Æ°á»£c. GÃ³i hÃ ng khÃ´ng Ä‘Æ°á»£c kÄ© láº¯m. NhÆ°ng hÃ ng cháº¥t lÆ°á»£ng check Ä‘Ãºng sá»‘ seri.,,,0,0
6029,"MÃ¬nh mua hai bÃ¬nh, 1 bÃ¬nh bá»‹ vá»¡.",,,0,0
6052,ghi lÃ  táº·ng photocard mÃ  cÃ³ Ä‘Æ°á»£c gÃ¬ Ä‘Ã¢u huhu. Láº¡i cÃ²n giao hÃ ng lÃ¢u ná»¯a,,,0,0
6086,KhÃ³c ngáº¥t. HÃ ng giao bá»‹ mÃ³p do quÃ¡ trÃ¬nh váº­n chuyá»ƒn. Cáº§n bao bá»c má»™t lá»›p chá»‘ng sá»‘c ( Ã­t thÃ´i cÅ©ng Ä‘Æ°á»£c ) chá»© hÆ° sÃ¡ch huhu :(((,,,0,0
6132,mÃ¬nh mua hai chiáº¿c thÃ¬ giao hÃ ng hai cÃ¡i Ä‘á»u bá»‹ mÃ©o. láº§n Ä‘áº§u mua mÃ  tháº¥t vá»ng vÃ´ cÃ¹ng. khÃ´ng biáº¿t lÃ  lá»—i do shop hay do shipper. ngÆ°á»i nhÃ  nháº­n giÃºp nÃªn khÃ´ng kiá»ƒm tra trÆ°á»›c khi nháº­n hÃ ng Ä‘Æ°á»£c,,,0,0
6159,"Ná»™i dung sÃ¡ch mÃ¬nh chÆ°a Ä‘á»c, nhÆ°ng lÃºc nháº­n hÃ ng mÃ¬nh Ä‘Ã£ ráº¥t buá»“n. Há»™p Ä‘Ã³ng gÃ³i bá»‹ báº¹p dÃ­ vÃ  cuá»‘n sÃ¡ch bÃªn trong Ä‘Ã£ thÃ nh ra tháº¿ nÃ y.",,,0,0
6208,"(*) ÄÃ¡nh giÃ¡ khÃ´ng tÃ­nh Ä‘iá»ƒm
ÄÃ³ng gÃ³i áº©u quÃ¡ nháº­n hÃ ng vá»¡ cáº£ vá» há»p",,,0,0
6384,"á»¦a sao ko cÃ³ bá»c xá»‘p hay seal hay gÃ¬ chÆ¡n chá»i, cÃ¡i há»™p mÃ³p mÃ©o, giao trá»… 1 ngÃ y láº¡i cÃ²n áº©u tháº£ ná»¯a. Láº§n Ä‘áº§u tháº¥y tiki tá»‡ dá»‹ luÃ´n",,,0,0
6406,"Giao hÃ ng nhanh thÃ´ng bÃ¡o giao trong 4 ngÃ y mÃ  tá»›i ngÃ y thá»© 8 Ä‘Ã£ nháº­n Ä‘Æ°á»£c, Ä‘Ã³ng gÃ³i thÃ¬ Ã´i thÃ´i, chá»‹ gÃ¡i giao hÃ ng thÃ¬ tÃ­nh nÃ³ng nhÆ° kem. Láº§n Ä‘áº§u tháº¥t vá»ng dá»‹ch vá»¥ tiki cá»§a quÃ¡.",,,0,0
6407,"Thá»i gian giao hÃ ng thÃ¬ nhanh nhÆ°ng nhÃ¢n viÃªn khÃ´ng giao hÃ ng Ä‘áº¿n táº­n nhÃ , sÃ¡ch nháº­n thÃ¬ gÃ³c mÃ³p mÃ©o, tiki nÃªn xem láº¡i váº¥n Ä‘á» Ä‘Ã³ng gÃ³i vÃ  giao hÃ ng.",,,0,0
6447,"SÃ¡ch má»›i ,ko bá»‹ thiáº¿u j  giao hÃ ng hÆ¡i lÃ¢u, mk Ä‘áº·t 2 quyá»ƒn nhÆ°ng lá»—i 1 quyá»ƒn bá»‹ há»§y Ä‘Æ¡n lÃ m mk máº¥t nguyÃªn 1 cÃ¡i voucher Ã¡, mua láº¡i bÃ¢y giá» thÃ¬ ko Ä‘c giÃ¡ nhÆ° tháº¿ ná»¯a vÃ¬ sÃ¢ch nÃ y khÃ¡ máº¯c",,,0,0
6484,"SÃ¡ch á»•n nha, khÃ´ng bá»‹ mÃ³p mÃ©o cÃ³ Ä‘iá»u thÃ¹ng Ä‘Ã³ng gÃ³i tan nÃ¡t quÃ¡ , thá»i gian váº­n chuyá»ƒn lÃ¢u hÆ¡n dá»± kiáº¿n ná»¯a nÃªn trá»« 2 sao cho shop 3 sao nhÃ©",1,,0,0
6508,trá»i Æ¡i tin Ä‘Æ°á»£c hÃ´ng? Ä‘Ã¢y lÃ  kiá»‡n hÃ ng Ä‘Ã³ng gÃ³i sÃ¡ch tui nháº­n Ä‘Æ°á»£c nÃ¨. Äá»‘i tÃ¡c giao hÃ ng cá»§a tiki lÃ m Äƒn váº§y thÃ¬ cháº¿t tiki rá»“i.,,,0,0
6536,"(*) ÄÃ¡nh giÃ¡ khÃ´ng tÃ­nh Ä‘iá»ƒm
Giao hÃ ng cháº­m, khÃ´ng Ä‘Ã³ng gÃ³i thÃªm bÃªn ngoÃ i. LÃºc nháº­n há»™p mÃ³p mÃ©o ko nguyÃªn váº¹n, khÃ´ng biáº¿t cÃ³ bá»‹ va Ä‘áº­p áº£nh hÆ°á»Ÿng tá»›i linh kiá»‡n khÃ´ng. tem dÃ¡n á»‘c thÃ¬ bá»‹ rÃ¡ch, lÃ m sao báº£o hÃ nh sau nÃ y?",,,0,0
6612,Nháº­n sÃ¡ch Æ°á»›t tá»« trong ra ngoÃ i,,,0,0
6663,"Äáº·t hÃ ng 1/8/2021
Nháº­n hÃ ng 25/9/2021
Dá»‹ch bá»‡nh giáº£n cÃ¡ch nÃªn giao hÃ ng cháº­m thÃ¬ mÃ¬nh thÃ´ng cáº£m.
NhÆ°ng nháº­n Ä‘Æ°á»£c thÃ¹ng hÃ ng Ä‘Ã£ bá»‹ rÃ¡ch Ä‘áº¿n má»©c ""háº£ há»ng"" ra háº¿t.
SÃ¡ch lÃ  máº·t hÃ ng dá»… bá»‹ Æ°á»›t hÆ° há»ng mÃ  gÃ³i hÃ ng ráº¥t cáº©u tháº£, khÃ´ng chá»‘ng nÆ°á»›c vÃ  chá»“ng sá»‘c.
May lÃ  láº¥y ra chá»‰ bá»‹ mÃ³p gÃ³c nháº¹.
MÃ¬nh tin dÃ¹ng mÃ  mua hÃ ng Tiki cáº£ trÄƒm triá»‡u rá»“i, nhÆ°ng Ä‘Ã¢y lÃ  láº§n Ä‘áº§u mÃ¬nh complain vá» khÃ¢u Ä‘Ã³ng gÃ³i vÃ  kho hÃ ng.",,,0,0
6791,"GÃ³i hÃ ng vÃ  váº­n chuyá»ƒn khÃ¡ tá»‡, khÃ´ng cÃ³ miáº¿ng xá»‘p hay chá»‘ng sá»‘c Ä‘á»ƒ báº£o vá»‡ sÃ¡ch, láº§n Ä‘áº§u tháº¥t vá»ng sau bao nhiÃªu nÄƒm Ä‘á»“ng hÃ nh cÃ¹ng Tiki",,,0,0
6866,"TÃ´i mua hÃ ng trÃªn Tiki Ä‘Ã£ nhiá»u láº§n mÃ  nay ráº¥t tháº¥t vá»ng vá» dá»‹ch vá»¥ chÄƒm sÃ³c khÃ¡ch hÃ ng, bÃ¡o giá» giao 1 Ä‘áº±ng giao thá»i gian toÃ n lÃºc khÃ´ng cÃ³ ai nÃªn tÃ´i nhá» ngÆ°á»i nhÃ  nháº­n há»™, Ä‘áº¿n lÃºc vá» check hÃ ng lá»—i cuá»‘n TÆ° duy nhanh cháº­m, Hiá»‡u á»©ng chim má»“i 3 vÃ  Sá»• tay nhÃ  thÃ´i miÃªn lá»—i thÃ¬ láº¡i nÃ³i do trá»… 48h khÃ´ng Ä‘Æ°á»£c Ä‘á»•i tráº£, kÃ¬ nÃ y mua táº­n mÆ°á»i máº¥y cuá»‘n mÃ  lá»—i tÃ¹m lum, cháº¯c má»‘t khÃ´ng dÃ¡m mua hÃ ng trÃªn Tiki ná»¯a.",,,0,0
6899,"Giao hÃ nh mÃ  gáº¥p Ä‘Ã´i láº¡i, gÃ£y luÃ´n rá»“i, ko vá» form ban Ä‘áº§u Ä‘Æ°á»£c ná»¯a",,,0,0
6941,"TrÆ°á»›c giá» mÃ¬nh váº«n mua hÃ ng Tiki vÃ  tin tÆ°á»Ÿng. Láº§n nÃ y mua Ä‘iá»‡n thoáº¡i giÃ¡ trá»‹ lá»›n. Tháº¥y cÃ¡c báº¡n cmt hÃ ng ngon tháº¿ mÃ¬nh cÅ©ng mua. Vá»«a nháº­n hÃ ng sÃ¡ng nay mÃ  á»©c háº¿t ngÆ°á»i. 
- Kiá»ƒm tra imei cá»§a mÃ¡y thÃ¬ lá»—i ntn. KhÃ´ng há» tá»“n táº¡i. TrÆ°á»›c mÃ¬nh mua mÃ¡y cá»§a fpt, sau 3 nÄƒm kiá»ƒm tra váº«n tháº¥y oke.
- Äiá»‡n thoáº¡i thÃ¬ Ä‘Ã£ active. Tháº¥y láº§n sáº¡c cuá»‘i cÃ¹ng lÃ  thÃ¡ng 11 nÄƒm nay. 
- HÃ ng cÅ©ng k cÃ²n nguyÃªn mÃ  Ä‘Ã£ cÃ³ ngÆ°á»i sá» rá»“i
- KÃ¨m vÃ o Ä‘Ã³ lÃ  Ã´ng anh Shipper ráº¥t vÃ´ duyÃªn. HÃ ng ngÆ°á»i ta Ä‘Ã£ thanh toÃ¡n rá»“i, giao thÃ¬ giao m* Ä‘i, cÃ²n Ä‘á»©ng Ä‘áº¥y há»i. CÃ²n vÃ´ duyÃªn chÃ¬a giÃ¡ tiá»n cho máº¹ mÃ¬nh xem kiá»ƒu hÃ o há»©ng. MÃ  trong khi khÃ¡ch Ä‘Ã£ thanh toÃ¡n. Tá»c máº¡ch vÃ´ duyÃªn há»ng háº¿t viá»‡c ngÆ°á»i khÃ¡c.
Äá»€ NGHá»Š TIKI LIÃŠN Há»† Láº I Sá»šM Äá»”I TRáº¢ MÃY HÃ€NG CHUáº¨N CHO MÃŒNH. TrÃ¢n trá»ng!",,,0,0
6946,"SÃ¡ch khÃ´ng cÃ³ bá»c ngoÃ i, ná»™i dung sÃ¡ch chÆ°a Ä‘á»c nÃªn mÃ¬nh chÆ°a biáº¿t. Thá»i gian giao hÃ ng bÃ¡o 22 nhÆ°ng 23 má»›i giao",,,0,0
7041,"Nghe mn báº£o Tiki láº§n nÃ y Ä‘Ã³ng gÃ³i Ä‘á»¡ hÆ¡n nÃªn mÃ¬nh cÅ©ng hi vá»ng nhÆ°ng xem ra k may nhÆ° váº­y. Tiki máº¥t 5 ngÃ y giao tá»« HCM ra HN giÃºp mÃ¬nh, lÃºc nháº­n cÅ©ng tháº¥y há»™p bá»‹ báº¹p mÃ³p cÃ¡c kiá»ƒu, lÃºc má»Ÿ hÃ ng thÃ¬ tháº¥y boxset cÅ©ng dÃ­nh df Ä‘á»§ cÃ¡c máº·t luÃ´n, nc lÃ  k hÃ i lÃ²ng láº¯m vá»›i láº§n mua hÃ ng nÃ y cá»§a tiki
NgoÃ i váº¥n Ä‘á» df thÃ¬ truyá»‡n Tráº» váº«n giá»¯ khÃ¡ tá»‘t phong Ä‘á»™, Ä‘áº¹p máº¯t vÃ  k bá»‹ lá»‡ch gÃ¡y.
Mong láº§n sau khi giao hÃ ng tá»« cÃ¡c Ä‘á»‹a Ä‘iá»ƒm xa Tiki cá»‘ gáº¯ng Ä‘áº§u tÆ° bá»c chá»‘ng sá»‘c nhiá»u hÆ¡n, chá»© mÃ¬nh tháº¥y má»™t táº¥m bÃ¬a nhÆ° nÃ y váº«n chÆ°a Ä‘á»§",,,0,0
7094,"giao gÃ ng lÃ¢u, hÃ ng Ä‘Ã³ng gÃ³i ko cáº©n tháº­n, bá»‹ Ä‘á»¥c thá»§ng bÃªn hÃ´ng trÆ°á»›c khi giao. 
mua tiki tranding mÃ  tá»‡ quÃ¡. ráº¥t khÃ´ng hÃ i lÃ²ng",,,0,0
7109,Shop lÃ m mÃ¬nh quÃ¡ tháº¥t vá»ng giao hÃ ng thÃ¬ má»Ÿ há»™p ra bá»ƒ banh háº¿t,,,0,0
7135,"hÃ ng thÃ¬ Ä‘á»£i táº­n 2 tuáº§n má»›i giao tá»›i, há»™p Ä‘á»±ng thÃ¬ mÃ³p mÃ©o, hÆ°, sÃ¡ch thÃ¬ cong gÃ¡y vÃ  bÃ¬a",,,0,0
7183,Sáº£n pháº©m bá»‹ bá»ƒ. Shop vui lÃ²ng liÃªn há»‡ láº¡i mÃ¬nh qua so dt ***,,,0,0
7205,"- MÃ¬nh cáº§n gáº¥p nÃªn Ä‘áº·t Tiki Now Ä‘á»ƒ ship nhanh, váº­y mÃ  lÃºc mÃ¬nh á»Ÿ nhÃ  chá» tá»« sÃ¡ng, khÃ´ng tháº¥y nhÃ¢n viÃªn nÃ o Ä‘áº¿n, vÃ  cÅ©ng ko cÃ³ cuá»™c gá»i nÃ o. Sau Ä‘Ã³ bÃªn tiki gá»­i email Ä‘áº¿n cho mÃ¬nh, lÃ  do mÃ¬nh háº¹n láº¡i, nÃªn sáº½ giao láº¡i sau??? MÃ¬nh khÃ´ng hiá»ƒu !?
- á»” cá»©ng khi giao láº¡i ko cÃ³ gÃ³i chá»‘ng sá»‘c, chá»‘ng va Ä‘áº­p?!?!?
- CÃ²n cháº¥t lÆ°á»£ng thÃ¬ pháº£i chá» thá»i gian má»›i Ä‘Ã¡nh giÃ¡ Ä‘Æ°á»£c.
TÆ°Æ¡ng Ä‘á»‘i tháº¥t vá»ng vá»›i viá»‡c giao hÃ ng, vÃ  Ä‘Ã³ng gÃ³i !",,,0,0
7213,"Giao hÃ nh mÃ  gáº¥p Ä‘Ã´i láº¡i, gÃ£y luÃ´n rá»“i, ko vá» form ban Ä‘áº§u Ä‘Æ°á»£c ná»¯a",,,0,0
7226,"giao hÃ ng cháº­m ,vá» há»™p bao bÃ¬ tiki thÃ¬ bá»‹ mÃ³p mÃ©o ,ko biáº¿t sáº£n pháº©m bÃªn trong cÃ³ sá»­ dá»¥ng Ä‘Æ°á»£c ko Ä‘Ã¢y .",,,0,0
7229,ÄÃ³ng gÃ³i cáº©u tháº£ tá»« tiki. Giao hÃ ng lÃ¢u,,,0,0
7263,"SÃ¡ch mÃ¬nh vá»«a nháº­n Ä‘Æ°á»£c sÃ¡ng nay vÃ  cáº£m tháº¥y cá»±c kÃ¬ khÃ´ng hÃ i lÃ²ng.. mÃ¬nh khÃ´ng biáº¿t Ä‘Ã¢y lÃ  lá»—i thuá»™c bÃªn shop bÃ¡n hay bÃªn phÃ­a váº­n chuyá»ƒn hÃ ng cá»§a Tiki. _x000D_
Kiá»‡n hÃ ng thÃ¬ mÃ³p mÃ©o, bÃ¬a sÃ¡ch vÃ  gÃ¡y sÃ¡ch bá»‹ nhÄƒn vÃ  gÃ£y. Mong Tiki xem xÃ©t vÃ  kháº¯c phá»¥c trÆ°á»ng há»£p nÃ y.",,,0,0
7316,Mua Ä‘á»“ tiki nhiá»u láº§n . nhÆ°ng chÆ°a láº§n nÃ o tháº¥t vá»ng nhÆ° láº§n nÃ y. hÃ ng ghi Ä‘á»“ dá»… vá»¡ mÃ  lÃºc giao hÃ ng há»™p mÃ³p mÃ©o. má»Ÿ ra thÃ¬ phá»¥ kiá»‡n thÃ¬ thiáº¿u. láº¯p vÃ´ mÃ¡y thÃ¬ khÃ´ng nháº­n.,,,0,0
7475,"ko Æ°ng láº¯m, giao hÃ ng cháº­m hÆ¡n 1 tuáº§n so vá»›i thgian shop Ä‘á» ra, sÃ¡ch hÆ¡n mÃ³p. NÃ³i chung táº¡m Ä‘c nÃªn cho 2sao",,,0,0
8550,"Äá»£t dá»‹ch tiki giao hÃ ng ráº¥t lÃ¢u, sÃ¡ch Ä‘áº¿n tay thÃ¬ Ä‘Ã£ nÃ¡t gÃ¡y nhÆ° váº­y rá»“i, pháº§n giáº¥y bÃªn trong tá»‘t, sÃ¡ch náº·ng nhÆ°ng lÃ m bÃ¬a kÃ©m má»m dá»ƒ cáº¥n dá»ƒ hÆ°, sÃ¡ch Ä‘á»ƒ trong há»™p k chÃªm thÃªm gÃ¬ cá»‘ Ä‘á»‹nh, giao máº¥t 1 thÃ¡ng há»™p tiki thÃ¬ nÃ¡t lÃ m sÃ¡ch cáº¥n háº¿t vÃ o bÃ¬a",,,0,0
8787,ÄÃ³ng gÃ³i vÃ´ trÃ¡ch nhiá»‡m. Giao hÃ ng mÃ©o xáº¹o,,,0,0
8833,"sÃ¡ch thÃ¬ ráº¥t tuyá»‡t vá»i nhÆ°ng khÃ¢u giao hÆ¡i khá»§ng hoáº£ng. BÃªn trong sÃ¡ch khÃ´ng cÃ³ bá»c, bÃªn ngoÃ i há»™p thÃ¬ lá»§ng má»™t lá»— ráº¥t to, vÃ  shipper giao hÃ ng ngay trá»i mÆ°a ná»¯a áº¡. SÃ¡ch bá»‹ cáº¥n máº¥t vÃ i trang ná»¯a.",1,,0,0
8856,"Äáº·t hÃ ng 2 cÃ¡i, giao cÃ³ 1 cÃ¡i, láº¡i cÃ²n giao trá»…",,,0,0
8899,"Giao hÃ ng ráº¥t tá»‡ há»™p mÃ³p mÃ©o, sÃ¡ch Ä‘Ã³ng gÃ³i k cáº©n tháº­n bá»‹ dáº­p gÃ³c sÃ¡ch. Mong tiki Ä‘Ã³ng gÃ³i cáº©n tháº­n hÆ¡n vÃ  bá»c chá»‘ng sá»‘c, ráº¥t tháº¥t vá»ng",,,0,0
8979,"Giao hÃ ng cÃ³ 1 táº¥m dÃ i bá»‹ vá»¡ khÃ´ng biáº¿t lÃ  do váº­n chuyá»ƒn hay do Ä‘Ã³ng gÃ³i, pháº£i dÃ¹ng keo gia cá»‘ láº¡i. Tá»§ Ä‘áº¹p, khÃ¡ cháº¯c cháº¯n",,,0,0
9065,"SÃ¡ch thÃ¬ 5 sao nhÆ°ng váº­n chuyá»ƒn mÃ¬nh xin phÃ©p Ä‘Ã¡nh giÃ¡ 1 sao áº¡. Do Ä‘á»£t nÃ y há»™i sÃ¡ch nÃªn mÃ¬nh Ä‘Ã£ Ä‘áº·t khÃ¡ nhiá»u trÃªn Tiki, mÃ  mÃ¬nh Ä‘á»ƒ Ã½ lÃ  Ä‘Æ¡n vá»‹ giao hÃ ng nÃ o, Ä‘Æ¡n hÃ ng tá»« kho nÃ o báº¥t ká»ƒ xa gáº§n thÃ¬ há»™p Ä‘á»±ng Ä‘á»u nhÆ° tháº¿ nÃ y Ä‘Ã¢y. CÃ³ há»™p thÃ¬ sÃ¡ch bÃªn trong cÃ²n cÃ³ tÃºi bá»c chá»© cÃ³ há»™p thÃ¬ sÃ¡ch khÃ´ng há» Ä‘Æ°á»£c bá»c hay gÃ¬ luÃ´n áº¡. Mong Tiki sá»›m kháº¯c phá»¥c váº¥n Ä‘á» nÃ y.",1,,0,0
9141,"hÃ ng váº­n chuyá»ƒn bá»‹ vá»¡, Ä‘Ã³ng gÃ³i chÆ°a Ä‘áº£m báº£o",,,0,0
9151,"ÄÃ£ nháº­n Ä‘Æ°á»£c hÃ ng sau hÆ¡n 1 thÃ¡ng chá» Ä‘á»£i.
Há»™p Ä‘á»±ng Ä‘Ã£ bá»‹ ráº¡ch seal sáºµn.
Sáº£n pháº©m bÃªn trong á»•n.",1,,0,0
9152,"tÃ´i Ä‘Ã£ xem NhÃ  Giáº£ Kim, quyá»ƒn sÃ¡ch ráº¥t Ã½ nghÄ©a nÃªn hay mua táº·ng, Ä‘Ã¢y cÅ©ng lÃ  quyá»ƒn tÃ´i mua Ä‘á»ƒ táº·ng vÃ  chá»n dá»‹ch vá»¥ bookcare

tuy Ä‘Ã£ bá»c sÃ¡ch nhÆ°ng cáº£m giÃ¡c khi cáº§m vÃ o bá»¥i nhÃ¡m tay, nÃªn khÃ´ng cháº¯c bookcare lÃ  care tháº¿ nÃ o, khi bá»c sÃ¡ch báº¡n khÃ´ng tháº¥y bá»¥i sao? cáº£ 4 quyá»ƒn sÃ¡ch khÃ¡c nhau trong thÃ¹ng, tÃ´i pháº£i láº¥y khÄƒn giáº¥y, vá»«a lau bá»¥i, vá»«a lau nÆ°á»›c mÆ°a

quyá»ƒn nÃ y cÃ³ thá»ƒ do va Ä‘áº­p trong lÃºc váº­n chuyá»ƒn nÃªn khÃ´ng thá»ƒ mang táº·ng, yÃªu cáº§u tiki kháº¯c phá»¥c sá»± cá»‘ ngoÃ i Ã½ muá»‘n nÃ y",,,0,0
9425,"Sáº£n pháº©m Ä‘Æ°á»£c Ä‘Ã³ng gÃ³i ráº¥t tá»‡ , giao hÃ ng láº§n nÃ y cháº­m trá»… hÆ¡n 2 ngÃ y so vá»›i ngÃ y  dá»± kiáº¿n .ÄÃ³ng gÃ³i sÆ¡ sÃ i, ko cÃ³ bá»c chá»‘ng sá»‘c hay gÃ¬ cáº£ ? .Ráº¥t tháº¥t vá»ng ?.",,,0,0
273,"Cá»±c kÃ¬ khÃ´ng hÃ i lÃ²ng vá» cÃ¡ch Ä‘Ã³ng hÃ ng cá»§a Tiki vá»›i sáº£n pháº©m cÃ³ giÃ¡ trá»‹ lá»›n nhÆ° iPhone. ÄÃ³ng hÃ ng cáº©u tháº£, váº­n chuyá»ƒn mÃ³p mÃ©o, biáº¿n dáº¡ng cáº¡nh há»™p iPhone. NhÃ¢n viÃªn giao hÃ ng cÅ©ng khÃ´ng Ä‘á»‘i soÃ¡t khi giao Ä‘á»‘i vá»›i sáº£n pháº©m cÃ³ giÃ¡ trá»‹ lá»›n. Cá»±c kÃ¬ khÃ´ng hÃ i lÃ²ng!!!",,,0,0
359,"BÃªn tiki khÃ´ng giáº£i Ä‘Ã¡p tháº¯c máº¯c vá» giao hÃ ng trá»… 1 tuáº§n. MÃ¬nh bÃ¡o há»§y máº¥y láº§n mÃ  cuá»‘i cÃ¹ng hok Ä‘x, khi pháº£i nháº­n tá»« shipper thÃ¬ nháº­n Ä‘Æ°á»£c hÃ ng khÃ´ng Ä‘Æ°á»£c bá»c bao nilong nÃªn bá»‹ Æ°á»›t sÃ¡ch.",,,0,0
511,"Há»™p bá»‹ hÆ° há»ng lÃºc váº­n chuyá»ƒn ráº¥t nhiá»u, HUA vá»‘n ko cÃ³ seal rá»“i thÃªm cáº£ ko chá»‘ng sá»‘c nÃªn bookmark bá»‹ rá»›t ra cong vÃ²ng in dáº¥u háº±n lÃªnğŸ¥²",,,0,0
682,Ä‘Ã³ng gÃ³i tá»‡ váº­n chuyá»ƒn viettel ship Ä‘Ã¨ hÃ ng kinh khá»§ng,,,0,0
900,Giao hÃ ng cháº­m hÆ¡n so vá»›i dá»± kiáº¿n. bÃ¡o sai hoÃ£n mÃ  báº£n thÃ¢n ko biáº¿t thÃ´ng tin. ÄÃ³ng gÃ³i,,,0,0
1002,"Dáº¡o gáº§n Ä‘Ã¢y Tiki Ä‘Ã³ng hÃ ng Ä‘Ãºng chÃ¡n, mua sÃ¡ch thÃ¬ ko bá»c Ä‘Ã ng hoÃ ng, giao hÃ ng Ä‘i tá»‰nh mÃ  Ä‘Ã³ng gÃ³i chá»‰ cÃ³ 1 hÃ ng bÄƒng keo. Giáº£ sá»­ trá»i mÆ°a thÃ¬ hÃ ng bá»‹ Æ°á»›t lÃ  cháº¯c rá»“i, lÃºc xÆ°a hÃ i lÃ²ng vá» Ä‘Ã³ng gÃ³i hÃ ng hoÃ¡ Ä‘áº¹p bao nhiÃªu thÃ¬ bÃ¢y giá» tháº¥t vá»ng báº¥y nhiÃªu. Hi vá»ng tiki nÃ¢ng cáº¥p dá»‹ch vá»¥ nÃ y",,,0,0
1016,Ä‘Ã³ng gÃ³i tá»‡ váº­n chuyá»ƒn viettel ship Ä‘Ã¨ hÃ ng kinh khá»§ng,,,0,0
1317,"DÃ¹ sáº£n pháº©m bá»‹ pháº£n Ã¡nh ráº¥t nhiá»u vá» cháº¥t lÆ°á»£ng Ä‘Ã³ng gÃ³i hÃ ng hoÃ¡ nhÆ°ng tiki váº«n khÃ´ng sá»­a, ráº¥t tháº¥t vá»ng vá» láº§n mua hÃ ng nÃ y. á»• cá»©ng khÃ´ng bá»c xá»‘p chá»‘ng sá»‘c hay gÃ¬ cáº£ cá»© thá»ƒ tháº£ vÃ o trong há»™p bÃªn ngoÃ i nhÃ£n cÅ©ng khÃ´ng ghi lÃ  á»• cá»©ng thÃ¬ bÃªn váº­n chuyá»ƒn sao biáº¿t Ä‘Ã³ lÃ  á»• cá»©ng mÃ  Ä‘á»ƒ nháº¹ nhÃ ng Ä‘Æ°á»£c? vá» pháº§n thÃ´ng tin cá»§a á»• thÃ¬ cÅ©ng nhÃ¬n cÅ©ng cÃ³ váº» khÃ´ng Ä‘Æ°á»£c tá»‘t láº¯m, khÃ´ng biáº¿t cÃ³ pháº£i lÃ  do váº­n chuyá»ƒn bá»‹ vá»©t quÄƒng quáº­t khÃ´ng? ThÃªm ná»¯a lÃºc Ä‘áº§u Ä‘áº·t á»Ÿ kho HN vá» sau tá»± chuyá»ƒn vá» kho HCM cÅ©ng khÃ´ng tháº¥y thÃ´ng bÃ¡o láº¡i cho KH, trong khi Ä‘Ã³ HCM Ä‘ang dÃ£n cÃ¡ch. NÃ³i chung láº§n mua nÃ y tráº£i nghiá»‡m khÃ¡ tá»‡",,,0,0
1410,"(*) ÄÃ¡nh giÃ¡ khÃ´ng tÃ­nh Ä‘iá»ƒm
HÃ ng Ä‘iá»‡n tá»­ mÃ  há»™p bá»‹ ná»©t rÃ¡ch tháº¿ nÃ y. Cáº§n chÃº Ã½ khÃ¢u váº­n chuyá»ƒn ghi chÃº rÃµ rÃ ng Ä‘á»ƒ báº£o vá»‡ sáº£n pháº©m.",,,0,0
1474,Giao hÃ ng sÆ¡ sÃ i ko cÃ³ lá»›p báº£o vá»‡,,,0,0
1498,"(*) ÄÃ¡nh giÃ¡ khÃ´ng tÃ­nh Ä‘iá»ƒm
SÃ¡ch bÃ¬a cá»©ng mÃ  shipper Ä‘á»ƒ há»™p nÃ¡t bÃ©t, há»ng cáº£ gÃ³c sÃ¡ch. ÄÃ³ng gÃ³i cÅ©g ko bá»c gÃ³c láº¡i gÃ¬ cáº£",,,0,0
1538,"Xin Ä‘Æ°á»£c phÃ©p Ä‘Ã¡nh giÃ¡ 1* cho Tiki vÃ¬ tráº£i nghiá»‡m quÃ¡ tá»‡.
Vá» váº¥n Ä‘á» giao hÃ ng: mÃ¬nh khÃ´ng nghÄ© á»Ÿ tá»‰nh láº» láº¡i giao hÃ ng lÃ¢u Ä‘áº¿n nhÆ° váº­y (bÃ¬nh thÆ°á»ng mÃ¬nh Ä‘áº·t á»Ÿ HN nhÆ°ng do Ä‘ang á»Ÿ quÃª trÃ¡nh dá»‹ch).
Thá»© hai: má»™t quyá»ƒn sÃ¡ch khÃ´ng cÃ³ má»™t chÃºt bá»c sÃ¡ch nÃ o, thá»­ há»i vá»©t quÄƒng quáº­t á»Ÿ tráº¡m kiá»ƒm hÃ ng rá»“i lÃºc giao hÃ ng thÃ¬ nÃ³ nhÆ° nÃ o!?
KhÃ´ng thá»ƒ diá»…n táº£ háº¿t Ä‘Æ°á»£c sá»± tháº¥t vá»ng nÃ y.",,,0,0
1637,"Mua 3 cuá»‘n Karotei, Naoko vá»›i 11 chá»¯, Ä‘Ã³ng gÃ³i giao hÃ ng nhanh nhÆ°ng mÃ  sÆ¡ sÃ i, may mÃ  shipper cáº©n tháº­n nÃªn há»™p khÃ´ng bá»‹ mÃ³p mÃ©o gÃ¬ áº£nh hÆ°á»Ÿng sÃ¡ch bÃªn trong.
2 cuá»‘n kia bÃ¬nh thÆ°á»ng chá»‰ riÃªng cuá»‘n 11 chá»¯ gÃ¡y trÃªn bá»‹ tÃ¬ sáºµn nhÃ¬n ráº¥t xáº¥u ráº¥t bá»±c mÃ¬nh luÃ´n. (k pháº£i do váº­n chuyá»ƒn). NhÆ°ng mÃ  bá»c plastic láº¡i thÃ¬ Ä‘á»¡ hÆ¡n. 
TrÆ°á»›c giá» Ä‘á»u OK, Ä‘Ã¢y lÃ  láº§n Ä‘áº§u tiÃªn mÃ¬nh bá»‹ nhÆ° váº§y nÃªn hÆ¡i khÃ³ chá»‹u. Mong lÃ  sáº½ khÃ´ng cÃ³ láº§n sau.",,,0,0
1697,"HÃ ng giao trá»… gáº§n 10 ngÃ y, há»™p thÃ¬ Ä‘Ã³ng gÃ³i quÃ¡ tá»‡, há»™p sáº£n pháº©m rÃ¡ch tá»‡. cháº¥t lÆ°á»£ng sáº£n pháº©m táº¡m á»•n",1,,0,0
2013,"MÃ¬nh biáº¿t chá»‹ Linh rá»“i má»›i mua sÃ¡ch nÃªn khÃ´ng bÃ n nhiá»u vá» ná»™i dung. CÃ²n hÃ¬nh thá»©c in áº¥n Ä‘Ã³ng gÃ³i, váº­n chuyá»ƒn thÃ¬ hÆ¡i tá»‡. GÃ£y máº¥t 1 gÃ³c sÃ¡ch cá»§a mÃ¬nh. Keo dÃ¡n thÃ¬ hÆ¡i quÃ¡ vÃ  khi má»Ÿ tá»«ng trang ra nÃ³ bá»‹ rÃ¡ch ra. HÆ¡i tháº¥t vá»ng :)",,,0,0
2163,MÃ¬nh lÃ  ngÆ°á»i ráº¥t yÃªu SÃ¡ch. MÃ  nhÃ¬n bao bÃ¬ Ä‘Æ°á»£c Ä‘Ã³ng gÃ³i nhÆ° tháº¿ nÃ y. KhÃ´ng rÃµ Ä‘Ã¢y lÃ  lá»—i Ä‘Ã³ng gÃ³i cá»§a Tiki hay bÃªn váº­n chuyá»ƒn nhÆ°ng ThÃ¹ng hÃ ng bá»‹ bung ra. SÃ¡ch thÃ¬ bá»‹ rÃ¡ch trang. Äá» nghá»‹ tiki thu há»“i hÃ ng hoÃ n tiá»n sáº£n pháº©m nÃ y cho mÃ¬nh,,1,0,0
2315,"ChÆ°a Ä‘á»c nhÆ°ng lÃºc nháº­n lÃ  tháº¥y khÃ³ chá»‹u vÃ¬ há»™p Æ°á»›t rá»“i, 1 pháº§n do mÃ¬nh nhá» ng nhÃ  nháº­n nÃªn cÅ©ng ko ktra kÄ©, lÃºc má»Ÿ ra shop gÃ³i hÃ ng cáº©u tháº£, ko bá»c nilon hay chá»‘ng sá»‘c trá»i mÆ°a shipper che ko kÄ© lÃ m uá»›t há»™p ngoÃ i nÃªn cÅ©ng Æ°á»›t háº¿t sÃ¡ch bÃªn trong ğŸ˜¡ğŸ¤¬",,,0,0
2333,"mÃ¬nh mua sÃ¡ch Ä‘á»ƒ Ä‘á»c nÃªn cÅ©ng khÃ´ng quÃ¡ quan trá»ng hÃ¬nh thá»©c, nhÆ°ng háº§u nhÆ° láº§n nÃ o giao Ä‘áº¿n cÅ©ng bá»‹ mÃ³p, báº¹p gÃ¡y sÃ¡ch. Ä‘á» nghá»‹ tiki pháº£n há»“i Ä‘Æ¡n vá»‹ Ä‘Ã³ng gÃ³i vÃ  váº­n chuyá»ƒn.",,,0,0
2384,Giao trá»… hÆ¡n 1 ngÃ y so vá»›i ngÃ y Ä‘Æ°á»£c bÃ¡o. SÃ¡ch bá»‹ quÄƒn gÃ³c nhiá»u do Ä‘áº·t trong há»™p lá»›n mÃ  khÃ´ng cÃ³ bá»c gÃ¬. BÃ¬a cÅ©ng hÆ¡i bá»‹ tráº§y. NhÆ°ng mÃ  ruá»™t sÃ¡ch khÃ´ng bá»‹a áº£nh hÆ°á»Ÿng nhiá»u nÃªn táº¡m á»•n. CÃ³ kÃ¨m theo 1 bookmark nhá» xinh,1,,0,0
2663,"Giao hÃ ng lÃ¢u , máº·c dÃ¹ hÃ ng tá»‘t nhÆ°ng hÃ ng gÃ³i xáº¥u . Shop nháº¯n tin nháº§m",1,,0,0
2733,"TrÆ°á»›c giá» tiki chÆ°a bao giá» lÃ m mÃ¬nh tháº¥t vá»ng, nhÆ°ng láº§n nÃ y láº¡i khÃ¡c. CÃ³ váº» khÃ¢u váº­n chuyá»ƒn Ä‘Ã£ khiáº¿n gÃ³c sÃ¡ch bá»‹ cong, tuy khÃ´ng nhiá»u, nhÆ°ng Ä‘á»‘i vá»›i ngÆ°á»i yÃªu sÃ¡ch thÃ¬ xÃ³t láº¯m T^T",,,0,0
2864,Giao hÃ ng siÃªu lÃ¢u. MÃ¬nh chá»n giao hÃ ng trong 2h tá»« 5-6/9 mÃ  14/9 mÃ¬nh má»›i nháº­n Ä‘c sÃ¡ch. ÄÃ³ng gÃ³i khÃ´ng cho vÃ o há»™p mÃ  chá»‰ bá»c giáº¥y vs bá»c 1 lá»›p xá»‘p má»ng nÃªn bá»‹ gÃ£y háº¿t gÃ³c sÃ¡ch. Tuy khÃ´ng áº£nh hÆ°á»Ÿng Ä‘áº¿n ná»™i dung nh máº¥t tháº©m mÄ© ghÃª ghá»›m ğŸ¥² trÃªn áº£nh lÃ  mÃ¬nh Ä‘Ã£ náº¯n láº¡i rá»“i chá»© lÃºc nháº­n nhÃ¬n báº¹p dÃºm cÃ¡i gÃ³c huhu mong shop chÃº Ã½ há»›n,,,0,0
3486,"chá» ráº¥t lÃ¢u, cho thá»i gian giao hÃ nh dá»± kiáº¿n xong tá»›i hÃ´m Ä‘Ã³ lÃªn tháº¥y Ä‘Æ¡n hÃ ng chÆ°a Ä‘Æ°á»£c xÃ¡c nháº­n.
biáº¿t lÃ  tiki gÃ³i qua loa rá»“i nhÆ°ng nháº­n sá»‘c tháº­t sá»±, cuá»‘n há»‘ng khÃ´ng Ä‘Æ°á»£c bao nÃªn hÆ¡i bá»¥i vá»›i mÃ³p gÃ³c, cuá»‘n Ä‘en Ä‘Æ°á»£c bao háº³n hoi Ä‘áº¥y nhÆ°ng mÃ³p gÃ³c, bá»¥i x2,x3 láº§n, hÆ¡i náº£n",,,0,0
3523,"GÃ³i hÃ ng sÆ¡ sÃ i, giao hÃ ng lÃ¢u, khi nháº­n Ä‘Æ°á»£c hÃ ng, vá» há»™p bá»‹ mÃ³p khÃ¡ nhiá»u. Mong shop nÃªn cáº£i thiá»‡n nhá»¯ng Ä‘Æ¡n hÃ ng sau, táº­p gÃ³i hÃ ng cho tá»­ táº¿. VÃ¬ Ä‘á»“ linh kiá»‡n Ä‘iá»‡n tá»­ trong lÃºc váº­n chuyá»ƒn xa ráº¥t dá»… hÆ°. Cáº£m Æ¡n.",,,0,0
3694,shop khÃ´ng xuáº¥t Ä‘Æ°á»£c hÃ³a Ä‘Æ¡n nhÆ° cam káº¿t,,,0,0
3764,"HÃ ng bá»‹ mÃ³p mÃ©o vÃ  bá»‹ Æ°á»›t nháº¹ khi nháº­n Ä‘Æ°á»£c. CÃ³ thá»ƒ thÃ´ng cáº£m náº¿u lÃ  hÃ ng bÃ¬nh thÆ°á»ng, nhÆ°ng lÃ  hÃ ng Ä‘iá»‡n tá»­ thÃ¬ sáº½ bá»‹ áº£nh hÆ°á»Ÿng Ä‘áº¿n cháº¥t lÆ°á»£ng sáº£n pháº©m. Thá»i gian giao cÅ©ng trá»… hÆ¡n so vá»›i thá»i háº¡n cam káº¿t. KhÃ¡ tháº¥t vá»ng vá»›i láº§n Ä‘áº§u tiÃªn mua á»Ÿ shop!",,,0,0
3912,"thá»i gian giao hÃ ng quÃ¡ lÃ¢u. há»™p sp mÃ³p mÃ©o, sp trong há»™p lÃµng láº½o, phá»¥ kiá»‡n bung ra tÃ¹m lum. ráº¥t khÃ´ng hÃ i lÃ²ng. mua sp trÃªn 10 triá»‡u chá»© pháº£i mua sp máº¥y trÄƒm ngÃ n Ä‘Ã¢u. tiki lÃ m Äƒn chÃ¡n Ä‘á»i",,,0,0
4248,"Tá»« trÆ°á»›c Ä‘áº¿n giá» mÃ¬nh luÃ´n hÃ i lÃ²ng vá»›i dá»‹ch vá»¥ cá»§a tiki nhÆ°ng hÃ´m nay tháº¥t vá»ng thá»±c sá»±. Giao hÃ ng cháº­m, Ä‘Ã³ng gÃ³i thÃ¬ quÃ¡ sÆ¡ sÃ i, nhÃ¬n cÃ¡i há»™p cÃ¡c tÃ´ng mÃ©o mÃ³ dáº­p nÃ¡t mÃ  shipper mang Ä‘áº¿n lÃ  cÃ³ linh cáº£m khÃ´ng lÃ nh rá»“i. Má»Ÿ ra bÃªn trong thÃ¬ ráº¥t nhiá»u cuá»‘n bá»‹ nhÄƒn bÃ¬a vÃ  gÃ¡y. ChÃ¡n ko thá»ƒ táº£ ná»•i ! áº¢nh mÃ¬nh chá»¥p lÃªn nhÃ¬n cÃ³ váº» khÃ´ng nghiÃªm trá»ng cho láº¯m nhÆ°ng nhÃ¬n á»Ÿ ngoÃ i thÃ¬ KHÃ”NG KHÃC GÃŒ ÄI MUA á» TIá»†M SÃCH CÅ¨ Vá»€ !",,,0,0
4418,tiki giao hÃ ng siÃªu lÃ¢u Ä‘áº·t hai cuá»‘n sÃ¡ch mÃ  má»™t cuá»‘n cáº£ tuáº§n má»›i tháº¥y giao cÃ²n cuá»‘n kia  khÃ´ng biáº¿t bao giá» má»›i vá» sÃ¡ch khÃ´ng cÃ³ bá»c chá»‘ng sá»‘c nhÆ°ng may lÃ  khÃ´ng bá»‹ gÃ¬,,,0,0
4895,"MÃ¡y nháº­n Ä‘Æ°á»£c nguyÃªn seal, má»›i 100%, Ä‘Ãºng mÃ u. Tuy nhiÃªn Ä‘Ã¡nh 1* cho Tiki vÃ¬ 3 lÃ½ do sau:
1. Giao hÃ ng cháº­m trá»…: Ä‘áº·t hÃ ng vÃ  thanh toÃ¡n ngÃ y 19/08/2021, háº¹n giao hÃ ng Ä‘áº¿n ngÃ y 30/08/2021 tuy nhiÃªn Ä‘áº¿n 8h30 ngÃ y 28/10/2021 má»›i nháº­n Ä‘Æ°á»£c hÃ ng qua 4 láº§n khiáº¿u náº¡i, tá»©c lÃ  trá»… gáº§n 2 thÃ¡ng so vá»›i ngÃ y dá»± kiáº¿n giao hÃ ng. Trong khi Ä‘Ã³ shipper Ä‘Ã£ Ä‘Æ°á»£c hoáº¡t Ä‘á»™ng láº¡i tá»« lÃ¢u.
2. NgÃ y 23/10/2021 nháº­n Ä‘Æ°á»£c tin nháº¯n kÃ­ch hoáº¡t báº£o hÃ nh mÃ¡y tá»« ngÃ y 20/10/2021 cá»§a Samsung, trong khi Ä‘áº¿n hÃ´m nay 28/10/2021 má»›i nháº­n hÃ ng vÃ  má»Ÿ seal mÃ¡y => thá»±c táº¿ khÃ¡ch chÆ°a nháº­n hÃ ng nhÆ°ng Ä‘Ã£ kÃ­ch hoáº¡t báº£o hÃ nh trÆ°á»›c vÃ¬ lÃ½ do gÃ¬ khÃ´ng rÃµ.
3. ÄÃ³ng gÃ³i hÃ ng áº©u: máº·t hÃ ng lÃ  Ä‘iá»‡n thoáº¡i, ráº¥t dá»… hÆ° khi va Ä‘áº­p tuy nhiÃªn ÄVVC Ä‘Ã³ng gÃ³i hÃ ng khÃ´ng cháº·t, trong gÃ³i hÃ ng ngoÃ i há»™p mÃ¡y ra chá»‰ cÃ³ 1 tá» giáº¥y Ä‘á»ƒ chÃªm sÆ¡ sÃ i, hoÃ n toÃ n khÃ´ng cÃ³ mÃºt Ä‘á»ƒ chÃªm cho cá»©ng. MÃ¬nh cáº§m thá»­ há»™p láº¯c láº¯c thá»­ thÃ¬ tháº¥y ráº¥t lá»ng, trong khi hÃ ng Ä‘Ã£ á»Ÿ bÃªn ngoÃ i hÆ¡n 2 thÃ¡ng vÃ  báº£o quáº£n lÆ°u kho nhÆ° tháº¿ nÃ o khÃ´ng rÃµ, ko biáº¿t cÃ³ áº£nh hÆ°á»Ÿng tuá»•i thá» mÃ¡y sau nÃ y hay khÃ´ng! 
Äáº¿n hiá»‡n nay khi nháº­n hÃ ng thá»±c sá»± mÃ¬nh Ä‘Ã£ khÃ´ng cÃ²n nhu cáº§u sá»­ dá»¥ng vÃ¬ Ä‘Ã£ chá» quÃ¡ lÃ¢u hÆ¡n 2 thÃ¡ng, cháº³ng Ä‘áº·ng Ä‘á»«ng pháº£i nháº­n mÃ¡y. Má»™t tráº£i nghiá»‡m mua hÃ ng ráº¥t tá»‡ táº¡i Tiki!",,,0,0
4929,"Tá»« trÆ°á»›c Ä‘áº¿n giá» mÃ¬nh luÃ´n hÃ i lÃ²ng vá»›i dá»‹ch vá»¥ cá»§a tiki nhÆ°ng hÃ´m nay tháº¥t vá»ng thá»±c sá»±. Giao hÃ ng cháº­m, Ä‘Ã³ng gÃ³i thÃ¬ quÃ¡ sÆ¡ sÃ i, nhÃ¬n cÃ¡i há»™p cÃ¡c tÃ´ng mÃ©o mÃ³ dáº­p nÃ¡t mÃ  shipper mang Ä‘áº¿n lÃ  cÃ³ linh cáº£m khÃ´ng lÃ nh rá»“i. Má»Ÿ ra bÃªn trong thÃ¬ ráº¥t nhiá»u cuá»‘n bá»‹ nhÄƒn bÃ¬a vÃ  gÃ¡y. ChÃ¡n ko thá»ƒ táº£ ná»•i ! áº¢nh mÃ¬nh chá»¥p lÃªn nhÃ¬n cÃ³ váº» khÃ´ng nghiÃªm trá»ng cho láº¯m nhÆ°ng nhÃ¬n á»Ÿ ngoÃ i thÃ¬ KHÃ”NG KHÃC GÃŒ ÄI MUA á» TIá»†M SÃCH CÅ¨ Vá»€ !",,,0,0
4995,"Vá» kiáº¿n thá»©c trong sÃ¡ch thÃ¬ khÃ´ng bÃ n Ä‘áº¿n , nhÆ°ng cÃ¡ch váº­n chuyá»ƒn hÃ ng quÃ¡ kÃ©m , Ä‘á»ƒ hÃ ng bá»‹ mÃ³p biáº¿n dáº¡ng bÃ¬a lÃ  Ä‘iá»u khÃ´ng thá»ƒ vÃ¬ , quyá»ƒn sÃ¡ch chÃ­nh hÃ£ng nÃ³ khÃ¡c quyá»ƒn sÃ¡ch láº­u lÃ  á»Ÿ khÃ¢u cháº¥t lÆ°á»£ng , nhÆ°ng khi giao Ä‘áº¿n tay ngÆ°á»i dÃ¹ng thÃ¬ cháº¥t lÆ°á»£ng nÃ³ bá»‹ giáº£m , thÃ¬ nÃ³ khÃ´ng khÃ¡c sÃ¡ch láº­u lÃ  máº¥y , nÃªn xem xÃ©t láº¡i quy trÃ¬nh báº£o quáº£n vÃ  váº­n chuyá»ƒn hÃ ng , thÃ¢n gá»­i , mong Ä‘Æ°á»£c pháº£n há»“i tá»« shop",,,0,0
5023,"Äáº·t tá»« Ä‘áº§u thÃ¡ng cuá»‘i thÃ¡ng má»›i nháº­n nhÆ°ng láº¡i mÃ³p mÃ©o sÃ¡ch háº¿t, hÃ¬nh áº£nh ko tháº¥y rÃµ nhÆ°ng Ä‘áº·t tá»« Ä‘áº§u thÃ¡ng tá»›i cuá»‘i thÃ¡ng mÃ  khÃ´ng bá»c lá»›p ngoÃ i lÃ  mn biáº¿t nÃ³ bá»‹ sao rá»“i, chÃ¡n. :)",,,0,0
5104,"sáº£n pháº©m cÃ³ váº» á»•n nhÆ°ng cáº£m tháº¥y cá»¥m tá»« ""hÃ ng cá»±c ká»³ dá»… vá»¡"" chá»‰ Ä‘á»ƒ cho vui :)) vÃ¬ nháº­n hÃ ng xong lÃ  cÃ¡i chá»¥p Ä‘Ã¨n nÃ³ mÃ³p láº¡i luÃ´n :))",,,0,0
5110,"(*) ÄÃ¡nh giÃ¡ khÃ´ng tÃ­nh Ä‘iá»ƒm
Äáº·t truyá»‡n tá»« thá»© 3 tuáº§n trÆ°á»›c, Ä‘áº¿n táº­n thá»© 2 tuáº§n sau má»›i nháº­n Ä‘Æ°á»£c. ÄÃ£ váº­y hÃ ng Ä‘áº¿n tay há»™p thÃ¬ nÃ¡t, khÃ´ng cÃ³ chá»‘ng sÃ³c, bookcare bá»c cáº©u tháº£, truyá»‡n Ä‘áº¿n tay bá»‹ def. CÃ ng ngÃ y dá»‹ch vá»¥ cÃ ng xuá»‘ng cáº¥p",,,0,0
5152,"ChÆ°a sá»­ dá»¥ng nhÆ°ng bÃ¬nh bá»‹ vá»¡ do váº­n chuyá»ƒn. Náº¿u bá»‹ quÃ¡ thÆ°á»ng xuyÃªn nhÆ° váº­y Ä‘Ã¡ng ra shop pháº£i lÆ°u Ã½ hÆ¡n mÃ  bá»c ká»¹ chá»©, khÃ¡ch hÃ ng Ä‘á»•i tráº£ cÅ©ng phiá»n mÃ  bÃ¬nh vá»¡ chÃ­nh shop cÅ©ng thiá»‡t háº¡i váº­y nhÆ°ng quÃ¡ nhiá»u pháº£n Ã¡nh váº«n k chá»‹u lÆ°u tÃ¢m",,,0,0
5164,"SÃ¡ch giao nhanh nhÆ°ng khi bá»c sÃ¡ch thÃ¬ sÃ¡ch Ä‘á»ƒ bá»‹ mÃ©o gáº¥p láº¡i, há»™p giao hÃ ng cÅ©ng bá»‹ mÃ©o.",,,0,0
5224,"Tiki nÃªn cáº£i thiá»‡n viá»‡c Ä‘Ã³ng gÃ³i, nÃªn Ä‘á»‡m lÃ³t ká»¹ thÃªm, hoáº·c Ã½ kiáº¿n vá»›i bÃªn váº­n chuyá»ƒn, láº§n nÃ o mÃ¬nh nháº­n gÃ³i hÃ ng Ä‘á»u bá»‹ cáº¥n gÃ³c. Äá»c sÃ¡ch mÃ  gÃ³c nhÄƒn nhÃºm ráº¥t khÃ³ chá»‹u!",,,0,0
5240,"Äáº·t hÃ ng 1/8/2021
Nháº­n hÃ ng 25/9/2021
Dá»‹ch bá»‡nh giáº£n cÃ¡ch nÃªn giao hÃ ng cháº­m thÃ¬ mÃ¬nh thÃ´ng cáº£m.
NhÆ°ng nháº­n Ä‘Æ°á»£c thÃ¹ng hÃ ng Ä‘Ã£ bá»‹ rÃ¡ch Ä‘áº¿n má»©c ""háº£ há»ng"" ra háº¿t.
SÃ¡ch lÃ  máº·t hÃ ng dá»… bá»‹ Æ°á»›t hÆ° há»ng mÃ  gÃ³i hÃ ng ráº¥t cáº©u tháº£, khÃ´ng chá»‘ng nÆ°á»›c vÃ  chá»“ng sá»‘c.
May lÃ  láº¥y ra chá»‰ bá»‹ mÃ³p gÃ³c nháº¹.
MÃ¬nh tin dÃ¹ng mÃ  mua hÃ ng Tiki cáº£ trÄƒm triá»‡u rá»“i, nhÆ°ng Ä‘Ã¢y lÃ  láº§n Ä‘áº§u mÃ¬nh complain vá» khÃ¢u Ä‘Ã³ng gÃ³i vÃ  kho hÃ ng.",,,0,0
5284,"Ná»™i dung thÃ¬ chÆ°a Ä‘á»c chÆ°a biáº¿t nhÆ°ng mÃ  trÆ°á»›c Ä‘Ã¢y ngon lÃ nh tháº¿ nÃ o thÃ¬ giá» hÆ¡i bá»‹ tháº¥t vá»ng vá»›i Tiki vÃ¬ vá»¥ báº£o quáº£n vÃ  váº­n chuyá»ƒn sÃ¡ch. Mua 3 cuá»‘n thÃ¬ 2 cuá»‘n bá»‹ bá»¥i báº©n, 1 cuá»‘n quÄƒn mÃ©p. NhÃ¢n viÃªn giao hÃ ng thÃ¬ Æ¡ kÃ¬a máº·c Ä‘á»‹nh kÃ½ tÃªn thay cho khÃ¡ch hÃ ng luÃ´n.",,,0,0
5287,"Tháº­t sá»± ráº¥t tháº¥t vá»ng vÃ¬ Tiki tháº­m chÃ­ khÃ´ng thÃ¨m Ä‘áº·t láº¥y má»™t lá»›p chá»‘ng sá»‘c cho thÃ¹ng Ä‘á»±ng sÃ¡ch, khiáº¿n cáº£ ba cuá»‘n sÃ¡ch mÃ¬nh mua Ä‘á»u bá»‹ cong mÃ©p sÃ¡ch. Tá»™i nghiá»‡p nháº¥t lÃ  cuá»‘n nÃ y, sÃ¡ch bá»‹ Ä‘Ã¨ Ä‘áº¿n má»©c vÃªnh háº³n cáº£ má»™t gÃ³c sÃ¡ch. LÃºc chá»‹ shipper giao hÃ ng Ä‘áº¿n, nhÃ¬n cÃ¡i thÃ¹ng bá»‹ mÃ©o mÃ³ khiáº¿n mÃ¬nh phÃ¡t sá»£.",,,0,0
5299,"sáº£n pháº©m Ä‘onga gÃ³i quÃ¡ tá»‡, mÃ³p mÃ©o hÆ° háº¿t cÃ¡c Ä‘áº§u vÃ¡n",,,0,0
5380,sÃ¡ch quÃ¡ báº©n. Ko hiá»ƒu sao cÃ³ thá»ƒ bá»c cÃ¡i bookcare vÃ o mÃ  ko lau bá»›t bá»¥i Ä‘i. SÃ¡ch cÃ²n bá»‹ gáº­p vÃ i chá»— ná»¯a. Ship hÃ ng thÃ¬ lÃ¢u.,,,0,0
5383,giao hÃ ng bá»‹ Æ°á»›t sÃ¡ch mong Ä‘Æ°á»£c Ä‘á»•i,,,0,0
5412,"Giao hÃ ng quÃ¡ cháº­m, gÃ³i hÃ ng khÃ´ng cáº©n tháº­n",,,0,0
5474,"MÃ¬nh lÃ  fan cá»§a LocknLock nÃªn ko cáº§n bÃ n vá» cháº¥t lÆ°á»£ng sáº£n pháº©m. NhÆ°ng pháº£i cho 1 sao vÃ¬ dá»‹ch vá»¥ cá»§a tiki: Ä‘Ã³ng gÃ³i sÆ¡ sÃ i lÃ m bá»ƒ náº¯p, máº¥t tháº©m má»¹ cá»§a SP; Ä‘Æ¡n vá»‹ giao hÃ ng J&T lÃ m Äƒn cháº­m trá»…, Ä‘áº·t cÃ¹ng lÃºc mÃ  giao cháº­m hÆ¡n Shoppe express 5 ngÃ y trong khi hÃ ng Ä‘Ã£ tá»›i gáº§n nhÃ , nÃªn náº¿u ko tá»± ra láº¥y cháº¯c cháº­m hÆ¡n cáº£ thÃ¡ng ko chá»«ng!",,,0,0
5524,"Giao hÃ ng trá»…. Äáº·t Ä‘áº§u tuáº§n, háº¡n thá»© 6 giao mÃ  bá»‹ delay sang thá»© 2 tuáº§n sau, lÃ m lá»¡ biáº¿t bn cÃ´ng viá»‡c. ÄÃ£ v há»™p cÃ²n bá»‹ má»‘p mÃ©o, giao hÃ ng Ä‘iá»‡n tá»­ mÃ  k lÃ³t bÃ³ng khÃ­ hay xá»‘p gÃ¬ cáº£. Äá»ƒ trong há»™p to hÆ¡n cáº£ á»• cá»©ng láº¯c qua láº¡i á»• cá»©ng cháº¡y rá»™t rá»™t. ChÆ°a nÃ³i vá» cháº¥t lÆ°á»£ng á»• cá»©ng thÃ¬ vá» giao hÃ ng vs Ä‘Ã³ng gÃ³i náº¿u Ä‘c cháº¥m Ã¢m sao. QuÃ¡ tháº¥t vá»ng",,,0,0
5558,"Há»™p hÃ ng thÃ¬ báº¹p dÃºm dÃ³. SÃ¡ch bÃªn trong thÃ¬ nhÃ u nhÄ©. Tháº­t sá»± tháº¥t vá»ng. Äá»£t mua VÄƒn Minh Váº­t cháº¥t cá»§a NgÆ°á»i Viá»‡t cÅ©ng váº­y. Cáº£ tiki vÃ  nhÃ  phÃ¡t hÃ nh Ä‘á»u cÃ³ lá»—i trong láº§n giao hÃ ng nÃ y. Thá»±c sá»± tháº¥t vá»ng. Shipper gá»i giá»¥c bÃ¡o khÃ¡ch lÃ  â€œÄ‘Ã£ Ä‘áº¿n nÆ¡i rá»“i xuá»‘ng Ä‘i!!!â€, trong khi mÃ¬nh ngá»“i ngay vÄƒn phÃ²ng táº§ng 1 Ä‘ang chá» mÃ£i! Tá»›i lÃºc khÃ¡ch pháº£i ra táº­n sáº£nh Ä‘á»©ng Ä‘á»£i cÅ©ng khÃ´ng tháº¥y Ä‘Ã¢u thÃ¬ láº¡i báº£o Ä‘ang tá»›i nÆ¡i sáº¯p ráº½ vÃ o rá»“iâ€¦ QuÃ¡ chÃ¡n náº£n Ä‘Æ¡n hÃ ng nÃ y",,,0,0
5595,"Cáº£m quan Ä‘áº§u tiÃªn lÃ  bÃ¬a ráº¥t Ä‘áº¹p, nhÆ°ng khi má»Ÿ pháº§n cuá»‘i thÃ¬ phÃ¡t hiá»‡n ra sÃ¡ch bá»‹ bong bÃ¬a. NgoÃ i ra thÃ¬ gÃ¡y sÃ¡ch cÅ©ng nhÆ° má»i ngÆ°á»i Ä‘Ã£ tháº¥y, khÃ´ng biáº¿t lÃ  do váº­n chuyá»ƒn hay sao?",1,,0,0
5610,Giao hÃ ng cháº­m. Tiki Now nhÆ°ng giao khÃ´ng Now xÃ­u nÃ o. SÃ¡ch 300k cÆ¡ mÃ  8 gÃ³c cuá»‘n sÃ¡ch Ä‘á»u bá»‹ nhÄƒn,,,0,0
5667,"Mua 4 cuá»‘n chiÃªm tinh thÃ¬ dÃ­nh ngay quyá»ƒn tarot bá»‹ mÃ³p, cháº£ nháº½ láº¡i hoÃ n tráº£.",,,0,0
5692,"thÃ´i em láº¡y máº¥y anh tiki luÃ´n. Ä‘Ã£ giao hÃ ng lÃ¢u rá»“i láº¡i cÃ²n Ä‘Ã³ng gÃ³i chÃ¡n, sÃ¡ch mÃ  bá» y cuá»‘n dÃ´ cÃ¡i há»™p cháº£ cÃ³ miáº¿ng lÃ³t hay quáº¥n giáº¥y gÃ¬ cáº£. bá»‹ tráº§y trÃ³c dÃ­nh bá»¥i báº·m Ä‘áº§y. táº¡m biá»‡t tiki nhÃ©",,,0,0
5700,Sáº£n pháº§m bÃ¬nh thÆ°á»ng nhÆ°ng há»™p bá»‹ mÃ³p vÃ  bá»‹ khui seal,,,0,0
5805,"khÃ´ng biáº¿t tiki dáº¡o nÃ y tháº¿ nÃ o, nhÆ°ng mua láº¡i Ä‘á»“ trÃªn tiki m cÃ³ nhá»¯ng Ä‘Ã¡nh giÃ¡ sau.
Æ¯u Ä‘iá»ƒm:
- Ship nhanh vÃ¬ m Ä‘áº·t trong vÃ²ng 2-3h giao
- May thÃ´i cÃ²n cÃ³ cÃ¡i há»™p k cháº¯c á»• há»ng r.
Khuyáº¿t Ä‘iá»ƒm:
- Äáº§u tiÃªn thÃ¬ m muá»‘n nÃ³i vá» thÃ¡i Ä‘á»™ nhÃ¢n viÃªn giao hÃ ng cáº§n cÃ³ thÃ¡i Ä‘á»™ tá»‘t hÆ¡n.
- NÃªn gÃ³i thÃªm Ä‘á»‡m vÃ o cho á»• cá»©ng vÃ¬ á»• cá»©ng dá»… bá»‹ shock, gÃ¢y ra há»ng hÃ³c. NhÃ¬n cÃ¡i há»™p hÃ ng thÃ¬ to, cÃ¡i á»• cá»©ng bÃ© 1/2 há»™p, Ä‘á»‡m xá»‘p k cÃ³ nhÃ¬n ráº¥t thiáº¿u chuyÃªn nghiá»‡p vÃ  k cáº©n tháº­n.

Káº¿t luáº­n mÃ¬nh tháº¥y á»• má»›i oke vÃ  cháº¡y táº¡m thá»i á»•n vÃ¬ má»›i nháº­n thÃ´i.",1,,0,0
5828,"tráº£i nghiá»‡m mua sáº¯m á»Ÿ tiki váº«n kinh khá»§ng nhÆ° ngÃ y nÃ o :( app bÃ¡o hÃ ng ship Ä‘áº¿n sau 7 ngÃ y lÃ  Ä‘Ãºng 7 ngÃ y má»›i tá»›i. MÃ¬nh Ä‘Ã£ cá»‘ mua báº£n cá»©ng giá»›i háº¡n vÃ¬ ráº¥t thÃ­ch truyá»‡n vÃ  á»§ng há»™ dá»‹ch giáº£ nhÆ°ng hÃ£y nhÃ¬n nhá»¯ng gÃ¬ mÃ¬nh nháº­n Ä‘Æ°á»£c!! GÃ¡y sÃ¡ch nhÄƒn nhÃºm vuá»‘t pháº³ng ko ná»•i vÃ¬ lÃ  bÃ¬a cá»©ng, pad lÃ³t chuá»™t cáº¯t kiá»ƒu mÃ©o xáº¹o cháº¯c bá» vÃ´ cho cÃ³ thÃ´i ha??! Cháº¯c Ä‘Ã¢y cÅ©ng lÃ  lÃ­ do mua á»Ÿ tiki ráº» nháº¥t?!!! Xin kiáº¿u áº¡",,,0,0
5878,Sáº£n pháº©m bá»‹ mÃ³p gáº¥y náº·ng ráº¥t tháº¥t vá»ng vá» khÃ¢u váº­n chuyá»ƒn cá»§a tiki,,,0,0
5954,Giao hÃ ng ráº¥t lÃ¢u tá»« ngÃ y 6/10 Ä‘áº¿n 29/10 má»›i nháº­n Ä‘Æ°á»£c. GÃ³i hÃ ng khÃ´ng Ä‘Æ°á»£c kÄ© láº¯m. NhÆ°ng hÃ ng cháº¥t lÆ°á»£ng check Ä‘Ãºng sá»‘ seri.,,,0,0
6029,"MÃ¬nh mua hai bÃ¬nh, 1 bÃ¬nh bá»‹ vá»¡.",,,0,0
6052,ghi lÃ  táº·ng photocard mÃ  cÃ³ Ä‘Æ°á»£c gÃ¬ Ä‘Ã¢u huhu. Láº¡i cÃ²n giao hÃ ng lÃ¢u ná»¯a,,,0,0
6086,KhÃ³c ngáº¥t. HÃ ng giao bá»‹ mÃ³p do quÃ¡ trÃ¬nh váº­n chuyá»ƒn. Cáº§n bao bá»c má»™t lá»›p chá»‘ng sá»‘c ( Ã­t thÃ´i cÅ©ng Ä‘Æ°á»£c ) chá»© hÆ° sÃ¡ch huhu :(((,,,0,0
6132,mÃ¬nh mua hai chiáº¿c thÃ¬ giao hÃ ng hai cÃ¡i Ä‘á»u bá»‹ mÃ©o. láº§n Ä‘áº§u mua mÃ  tháº¥t vá»ng vÃ´ cÃ¹ng. khÃ´ng biáº¿t lÃ  lá»—i do shop hay do shipper. ngÆ°á»i nhÃ  nháº­n giÃºp nÃªn khÃ´ng kiá»ƒm tra trÆ°á»›c khi nháº­n hÃ ng Ä‘Æ°á»£c,,,0,0
6159,"Ná»™i dung sÃ¡ch mÃ¬nh chÆ°a Ä‘á»c, nhÆ°ng lÃºc nháº­n hÃ ng mÃ¬nh Ä‘Ã£ ráº¥t buá»“n. Há»™p Ä‘Ã³ng gÃ³i bá»‹ báº¹p dÃ­ vÃ  cuá»‘n sÃ¡ch bÃªn trong Ä‘Ã£ thÃ nh ra tháº¿ nÃ y.",,,0,0
6208,"(*) ÄÃ¡nh giÃ¡ khÃ´ng tÃ­nh Ä‘iá»ƒm
ÄÃ³ng gÃ³i áº©u quÃ¡ nháº­n hÃ ng vá»¡ cáº£ vá» há»p",,,0,0
6384,"á»¦a sao ko cÃ³ bá»c xá»‘p hay seal hay gÃ¬ chÆ¡n chá»i, cÃ¡i há»™p mÃ³p mÃ©o, giao trá»… 1 ngÃ y láº¡i cÃ²n áº©u tháº£ ná»¯a. Láº§n Ä‘áº§u tháº¥y tiki tá»‡ dá»‹ luÃ´n",,,0,0
6406,"Giao hÃ ng nhanh thÃ´ng bÃ¡o giao trong 4 ngÃ y mÃ  tá»›i ngÃ y thá»© 8 Ä‘Ã£ nháº­n Ä‘Æ°á»£c, Ä‘Ã³ng gÃ³i thÃ¬ Ã´i thÃ´i, chá»‹ gÃ¡i giao hÃ ng thÃ¬ tÃ­nh nÃ³ng nhÆ° kem. Láº§n Ä‘áº§u tháº¥t vá»ng dá»‹ch vá»¥ tiki cá»§a quÃ¡.",,,0,0
6407,"Thá»i gian giao hÃ ng thÃ¬ nhanh nhÆ°ng nhÃ¢n viÃªn khÃ´ng giao hÃ ng Ä‘áº¿n táº­n nhÃ , sÃ¡ch nháº­n thÃ¬ gÃ³c mÃ³p mÃ©o, tiki nÃªn xem láº¡i váº¥n Ä‘á» Ä‘Ã³ng gÃ³i vÃ  giao hÃ ng.",,,0,0
6447,"SÃ¡ch má»›i ,ko bá»‹ thiáº¿u j  giao hÃ ng hÆ¡i lÃ¢u, mk Ä‘áº·t 2 quyá»ƒn nhÆ°ng lá»—i 1 quyá»ƒn bá»‹ há»§y Ä‘Æ¡n lÃ m mk máº¥t nguyÃªn 1 cÃ¡i voucher Ã¡, mua láº¡i bÃ¢y giá» thÃ¬ ko Ä‘c giÃ¡ nhÆ° tháº¿ ná»¯a vÃ¬ sÃ¢ch nÃ y khÃ¡ máº¯c",,,0,0
6484,"SÃ¡ch á»•n nha, khÃ´ng bá»‹ mÃ³p mÃ©o cÃ³ Ä‘iá»u thÃ¹ng Ä‘Ã³ng gÃ³i tan nÃ¡t quÃ¡ , thá»i gian váº­n chuyá»ƒn lÃ¢u hÆ¡n dá»± kiáº¿n ná»¯a nÃªn trá»« 2 sao cho shop 3 sao nhÃ©",1,,0,0
6508,trá»i Æ¡i tin Ä‘Æ°á»£c hÃ´ng? Ä‘Ã¢y lÃ  kiá»‡n hÃ ng Ä‘Ã³ng gÃ³i sÃ¡ch tui nháº­n Ä‘Æ°á»£c nÃ¨. Äá»‘i tÃ¡c giao hÃ ng cá»§a tiki lÃ m Äƒn váº§y thÃ¬ cháº¿t tiki rá»“i.,,,0,0
6536,"(*) ÄÃ¡nh giÃ¡ khÃ´ng tÃ­nh Ä‘iá»ƒm
Giao hÃ ng cháº­m, khÃ´ng Ä‘Ã³ng gÃ³i thÃªm bÃªn ngoÃ i. LÃºc nháº­n há»™p mÃ³p mÃ©o ko nguyÃªn váº¹n, khÃ´ng biáº¿t cÃ³ bá»‹ va Ä‘áº­p áº£nh hÆ°á»Ÿng tá»›i linh kiá»‡n khÃ´ng. tem dÃ¡n á»‘c thÃ¬ bá»‹ rÃ¡ch, lÃ m sao báº£o hÃ nh sau nÃ y?",,,0,0
6612,Nháº­n sÃ¡ch Æ°á»›t tá»« trong ra ngoÃ i,,,0,0
6663,"Äáº·t hÃ ng 1/8/2021
Nháº­n hÃ ng 25/9/2021
Dá»‹ch bá»‡nh giáº£n cÃ¡ch nÃªn giao hÃ ng cháº­m thÃ¬ mÃ¬nh thÃ´ng cáº£m.
NhÆ°ng nháº­n Ä‘Æ°á»£c thÃ¹ng hÃ ng Ä‘Ã£ bá»‹ rÃ¡ch Ä‘áº¿n má»©c ""háº£ há»ng"" ra háº¿t.
SÃ¡ch lÃ  máº·t hÃ ng dá»… bá»‹ Æ°á»›t hÆ° há»ng mÃ  gÃ³i hÃ ng ráº¥t cáº©u tháº£, khÃ´ng chá»‘ng nÆ°á»›c vÃ  chá»“ng sá»‘c.
May lÃ  láº¥y ra chá»‰ bá»‹ mÃ³p gÃ³c nháº¹.
MÃ¬nh tin dÃ¹ng mÃ  mua hÃ ng Tiki cáº£ trÄƒm triá»‡u rá»“i, nhÆ°ng Ä‘Ã¢y lÃ  láº§n Ä‘áº§u mÃ¬nh complain vá» khÃ¢u Ä‘Ã³ng gÃ³i vÃ  kho hÃ ng.",,,0,0
6791,"GÃ³i hÃ ng vÃ  váº­n chuyá»ƒn khÃ¡ tá»‡, khÃ´ng cÃ³ miáº¿ng xá»‘p hay chá»‘ng sá»‘c Ä‘á»ƒ báº£o vá»‡ sÃ¡ch, láº§n Ä‘áº§u tháº¥t vá»ng sau bao nhiÃªu nÄƒm Ä‘á»“ng hÃ nh cÃ¹ng Tiki",,,0,0
6866,"TÃ´i mua hÃ ng trÃªn Tiki Ä‘Ã£ nhiá»u láº§n mÃ  nay ráº¥t tháº¥t vá»ng vá» dá»‹ch vá»¥ chÄƒm sÃ³c khÃ¡ch hÃ ng, bÃ¡o giá» giao 1 Ä‘áº±ng giao thá»i gian toÃ n lÃºc khÃ´ng cÃ³ ai nÃªn tÃ´i nhá» ngÆ°á»i nhÃ  nháº­n há»™, Ä‘áº¿n lÃºc vá» check hÃ ng lá»—i cuá»‘n TÆ° duy nhanh cháº­m, Hiá»‡u á»©ng chim má»“i 3 vÃ  Sá»• tay nhÃ  thÃ´i miÃªn lá»—i thÃ¬ láº¡i nÃ³i do trá»… 48h khÃ´ng Ä‘Æ°á»£c Ä‘á»•i tráº£, kÃ¬ nÃ y mua táº­n mÆ°á»i máº¥y cuá»‘n mÃ  lá»—i tÃ¹m lum, cháº¯c má»‘t khÃ´ng dÃ¡m mua hÃ ng trÃªn Tiki ná»¯a.",,,0,0
6899,"Giao hÃ nh mÃ  gáº¥p Ä‘Ã´i láº¡i, gÃ£y luÃ´n rá»“i, ko vá» form ban Ä‘áº§u Ä‘Æ°á»£c ná»¯a",,,0,0
6941,"TrÆ°á»›c giá» mÃ¬nh váº«n mua hÃ ng Tiki vÃ  tin tÆ°á»Ÿng. Láº§n nÃ y mua Ä‘iá»‡n thoáº¡i giÃ¡ trá»‹ lá»›n. Tháº¥y cÃ¡c báº¡n cmt hÃ ng ngon tháº¿ mÃ¬nh cÅ©ng mua. Vá»«a nháº­n hÃ ng sÃ¡ng nay mÃ  á»©c háº¿t ngÆ°á»i. 
- Kiá»ƒm tra imei cá»§a mÃ¡y thÃ¬ lá»—i ntn. KhÃ´ng há» tá»“n táº¡i. TrÆ°á»›c mÃ¬nh mua mÃ¡y cá»§a fpt, sau 3 nÄƒm kiá»ƒm tra váº«n tháº¥y oke.
- Äiá»‡n thoáº¡i thÃ¬ Ä‘Ã£ active. Tháº¥y láº§n sáº¡c cuá»‘i cÃ¹ng lÃ  thÃ¡ng 11 nÄƒm nay. 
- HÃ ng cÅ©ng k cÃ²n nguyÃªn mÃ  Ä‘Ã£ cÃ³ ngÆ°á»i sá» rá»“i
- KÃ¨m vÃ o Ä‘Ã³ lÃ  Ã´ng anh Shipper ráº¥t vÃ´ duyÃªn. HÃ ng ngÆ°á»i ta Ä‘Ã£ thanh toÃ¡n rá»“i, giao thÃ¬ giao m* Ä‘i, cÃ²n Ä‘á»©ng Ä‘áº¥y há»i. CÃ²n vÃ´ duyÃªn chÃ¬a giÃ¡ tiá»n cho máº¹ mÃ¬nh xem kiá»ƒu hÃ o há»©ng. MÃ  trong khi khÃ¡ch Ä‘Ã£ thanh toÃ¡n. Tá»c máº¡ch vÃ´ duyÃªn há»ng háº¿t viá»‡c ngÆ°á»i khÃ¡c.
Äá»€ NGHá»Š TIKI LIÃŠN Há»† Láº I Sá»šM Äá»”I TRáº¢ MÃY HÃ€NG CHUáº¨N CHO MÃŒNH. TrÃ¢n trá»ng!",,,0,0
6946,"SÃ¡ch khÃ´ng cÃ³ bá»c ngoÃ i, ná»™i dung sÃ¡ch chÆ°a Ä‘á»c nÃªn mÃ¬nh chÆ°a biáº¿t. Thá»i gian giao hÃ ng bÃ¡o 22 nhÆ°ng 23 má»›i giao",,,0,0
7041,"Nghe mn báº£o Tiki láº§n nÃ y Ä‘Ã³ng gÃ³i Ä‘á»¡ hÆ¡n nÃªn mÃ¬nh cÅ©ng hi vá»ng nhÆ°ng xem ra k may nhÆ° váº­y. Tiki máº¥t 5 ngÃ y giao tá»« HCM ra HN giÃºp mÃ¬nh, lÃºc nháº­n cÅ©ng tháº¥y há»™p bá»‹ báº¹p mÃ³p cÃ¡c kiá»ƒu, lÃºc má»Ÿ hÃ ng thÃ¬ tháº¥y boxset cÅ©ng dÃ­nh df Ä‘á»§ cÃ¡c máº·t luÃ´n, nc lÃ  k hÃ i lÃ²ng láº¯m vá»›i láº§n mua hÃ ng nÃ y cá»§a tiki
NgoÃ i váº¥n Ä‘á» df thÃ¬ truyá»‡n Tráº» váº«n giá»¯ khÃ¡ tá»‘t phong Ä‘á»™, Ä‘áº¹p máº¯t vÃ  k bá»‹ lá»‡ch gÃ¡y.
Mong láº§n sau khi giao hÃ ng tá»« cÃ¡c Ä‘á»‹a Ä‘iá»ƒm xa Tiki cá»‘ gáº¯ng Ä‘áº§u tÆ° bá»c chá»‘ng sá»‘c nhiá»u hÆ¡n, chá»© mÃ¬nh tháº¥y má»™t táº¥m bÃ¬a nhÆ° nÃ y váº«n chÆ°a Ä‘á»§",,,0,0
7094,"giao gÃ ng lÃ¢u, hÃ ng Ä‘Ã³ng gÃ³i ko cáº©n tháº­n, bá»‹ Ä‘á»¥c thá»§ng bÃªn hÃ´ng trÆ°á»›c khi giao. 
mua tiki tranding mÃ  tá»‡ quÃ¡. ráº¥t khÃ´ng hÃ i lÃ²ng",,,0,0
7109,Shop lÃ m mÃ¬nh quÃ¡ tháº¥t vá»ng giao hÃ ng thÃ¬ má»Ÿ há»™p ra bá»ƒ banh háº¿t,,,0,0
7135,"hÃ ng thÃ¬ Ä‘á»£i táº­n 2 tuáº§n má»›i giao tá»›i, há»™p Ä‘á»±ng thÃ¬ mÃ³p mÃ©o, hÆ°, sÃ¡ch thÃ¬ cong gÃ¡y vÃ  bÃ¬a",,,0,0
7183,Sáº£n pháº©m bá»‹ bá»ƒ. Shop vui lÃ²ng liÃªn há»‡ láº¡i mÃ¬nh qua so dt ***,,,0,0
7205,"- MÃ¬nh cáº§n gáº¥p nÃªn Ä‘áº·t Tiki Now Ä‘á»ƒ ship nhanh, váº­y mÃ  lÃºc mÃ¬nh á»Ÿ nhÃ  chá» tá»« sÃ¡ng, khÃ´ng tháº¥y nhÃ¢n viÃªn nÃ o Ä‘áº¿n, vÃ  cÅ©ng ko cÃ³ cuá»™c gá»i nÃ o. Sau Ä‘Ã³ bÃªn tiki gá»­i email Ä‘áº¿n cho mÃ¬nh, lÃ  do mÃ¬nh háº¹n láº¡i, nÃªn sáº½ giao láº¡i sau??? MÃ¬nh khÃ´ng hiá»ƒu !?
- á»” cá»©ng khi giao láº¡i ko cÃ³ gÃ³i chá»‘ng sá»‘c, chá»‘ng va Ä‘áº­p?!?!?
- CÃ²n cháº¥t lÆ°á»£ng thÃ¬ pháº£i chá» thá»i gian má»›i Ä‘Ã¡nh giÃ¡ Ä‘Æ°á»£c.
TÆ°Æ¡ng Ä‘á»‘i tháº¥t vá»ng vá»›i viá»‡c giao hÃ ng, vÃ  Ä‘Ã³ng gÃ³i !",,,0,0
7213,"Giao hÃ nh mÃ  gáº¥p Ä‘Ã´i láº¡i, gÃ£y luÃ´n rá»“i, ko vá» form ban Ä‘áº§u Ä‘Æ°á»£c ná»¯a",,,0,0
7226,"giao hÃ ng cháº­m ,vá» há»™p bao bÃ¬ tiki thÃ¬ bá»‹ mÃ³p mÃ©o ,ko biáº¿t sáº£n pháº©m bÃªn trong cÃ³ sá»­ dá»¥ng Ä‘Æ°á»£c ko Ä‘Ã¢y .",,,0,0
7229,ÄÃ³ng gÃ³i cáº©u tháº£ tá»« tiki. Giao hÃ ng lÃ¢u,,,0,0
7263,"SÃ¡ch mÃ¬nh vá»«a nháº­n Ä‘Æ°á»£c sÃ¡ng nay vÃ  cáº£m tháº¥y cá»±c kÃ¬ khÃ´ng hÃ i lÃ²ng.. mÃ¬nh khÃ´ng biáº¿t Ä‘Ã¢y lÃ  lá»—i thuá»™c bÃªn shop bÃ¡n hay bÃªn phÃ­a váº­n chuyá»ƒn hÃ ng cá»§a Tiki. _x000D_
Kiá»‡n hÃ ng thÃ¬ mÃ³p mÃ©o, bÃ¬a sÃ¡ch vÃ  gÃ¡y sÃ¡ch bá»‹ nhÄƒn vÃ  gÃ£y. Mong Tiki xem xÃ©t vÃ  kháº¯c phá»¥c trÆ°á»ng há»£p nÃ y.",,,0,0
7316,Mua Ä‘á»“ tiki nhiá»u láº§n . nhÆ°ng chÆ°a láº§n nÃ o tháº¥t vá»ng nhÆ° láº§n nÃ y. hÃ ng ghi Ä‘á»“ dá»… vá»¡ mÃ  lÃºc giao hÃ ng há»™p mÃ³p mÃ©o. má»Ÿ ra thÃ¬ phá»¥ kiá»‡n thÃ¬ thiáº¿u. láº¯p vÃ´ mÃ¡y thÃ¬ khÃ´ng nháº­n.,,,0,0
7475,"ko Æ°ng láº¯m, giao hÃ ng cháº­m hÆ¡n 1 tuáº§n so vá»›i thgian shop Ä‘á» ra, sÃ¡ch hÆ¡n mÃ³p. NÃ³i chung táº¡m Ä‘c nÃªn cho 2sao",,,0,0
8550,"Äá»£t dá»‹ch tiki giao hÃ ng ráº¥t lÃ¢u, sÃ¡ch Ä‘áº¿n tay thÃ¬ Ä‘Ã£ nÃ¡t gÃ¡y nhÆ° váº­y rá»“i, pháº§n giáº¥y bÃªn trong tá»‘t, sÃ¡ch náº·ng nhÆ°ng lÃ m bÃ¬a kÃ©m má»m dá»ƒ cáº¥n dá»ƒ hÆ°, sÃ¡ch Ä‘á»ƒ trong há»™p k chÃªm thÃªm gÃ¬ cá»‘ Ä‘á»‹nh, giao máº¥t 1 thÃ¡ng há»™p tiki thÃ¬ nÃ¡t lÃ m sÃ¡ch cáº¥n háº¿t vÃ o bÃ¬a",,,0,0
8787,ÄÃ³ng gÃ³i vÃ´ trÃ¡ch nhiá»‡m. Giao hÃ ng mÃ©o xáº¹o,,,0,0
8833,"sÃ¡ch thÃ¬ ráº¥t tuyá»‡t vá»i nhÆ°ng khÃ¢u giao hÆ¡i khá»§ng hoáº£ng. BÃªn trong sÃ¡ch khÃ´ng cÃ³ bá»c, bÃªn ngoÃ i há»™p thÃ¬ lá»§ng má»™t lá»— ráº¥t to, vÃ  shipper giao hÃ ng ngay trá»i mÆ°a ná»¯a áº¡. SÃ¡ch bá»‹ cáº¥n máº¥t vÃ i trang ná»¯a.",1,,0,0
8856,"Äáº·t hÃ ng 2 cÃ¡i, giao cÃ³ 1 cÃ¡i, láº¡i cÃ²n giao trá»…",,,0,0
8899,"Giao hÃ ng ráº¥t tá»‡ há»™p mÃ³p mÃ©o, sÃ¡ch Ä‘Ã³ng gÃ³i k cáº©n tháº­n bá»‹ dáº­p gÃ³c sÃ¡ch. Mong tiki Ä‘Ã³ng gÃ³i cáº©n tháº­n hÆ¡n vÃ  bá»c chá»‘ng sá»‘c, ráº¥t tháº¥t vá»ng",,,0,0
8979,"Giao hÃ ng cÃ³ 1 táº¥m dÃ i bá»‹ vá»¡ khÃ´ng biáº¿t lÃ  do váº­n chuyá»ƒn hay do Ä‘Ã³ng gÃ³i, pháº£i dÃ¹ng keo gia cá»‘ láº¡i. Tá»§ Ä‘áº¹p, khÃ¡ cháº¯c cháº¯n",,,0,0
9065,"SÃ¡ch thÃ¬ 5 sao nhÆ°ng váº­n chuyá»ƒn mÃ¬nh xin phÃ©p Ä‘Ã¡nh giÃ¡ 1 sao áº¡. Do Ä‘á»£t nÃ y há»™i sÃ¡ch nÃªn mÃ¬nh Ä‘Ã£ Ä‘áº·t khÃ¡ nhiá»u trÃªn Tiki, mÃ  mÃ¬nh Ä‘á»ƒ Ã½ lÃ  Ä‘Æ¡n vá»‹ giao hÃ ng nÃ o, Ä‘Æ¡n hÃ ng tá»« kho nÃ o báº¥t ká»ƒ xa gáº§n thÃ¬ há»™p Ä‘á»±ng Ä‘á»u nhÆ° tháº¿ nÃ y Ä‘Ã¢y. CÃ³ há»™p thÃ¬ sÃ¡ch bÃªn trong cÃ²n cÃ³ tÃºi bá»c chá»© cÃ³ há»™p thÃ¬ sÃ¡ch khÃ´ng há» Ä‘Æ°á»£c bá»c hay gÃ¬ luÃ´n áº¡. Mong Tiki sá»›m kháº¯c phá»¥c váº¥n Ä‘á» nÃ y.",1,,0,0
9141,"hÃ ng váº­n chuyá»ƒn bá»‹ vá»¡, Ä‘Ã³ng gÃ³i chÆ°a Ä‘áº£m báº£o",,,0,0
9151,"ÄÃ£ nháº­n Ä‘Æ°á»£c hÃ ng sau hÆ¡n 1 thÃ¡ng chá» Ä‘á»£i.
Há»™p Ä‘á»±ng Ä‘Ã£ bá»‹ ráº¡ch seal sáºµn.
Sáº£n pháº©m bÃªn trong á»•n.",1,,0,0
9152,"tÃ´i Ä‘Ã£ xem NhÃ  Giáº£ Kim, quyá»ƒn sÃ¡ch ráº¥t Ã½ nghÄ©a nÃªn hay mua táº·ng, Ä‘Ã¢y cÅ©ng lÃ  quyá»ƒn tÃ´i mua Ä‘á»ƒ táº·ng vÃ  chá»n dá»‹ch vá»¥ bookcare

tuy Ä‘Ã£ bá»c sÃ¡ch nhÆ°ng cáº£m giÃ¡c khi cáº§m vÃ o bá»¥i nhÃ¡m tay, nÃªn khÃ´ng cháº¯c bookcare lÃ  care tháº¿ nÃ o, khi bá»c sÃ¡ch báº¡n khÃ´ng tháº¥y bá»¥i sao? cáº£ 4 quyá»ƒn sÃ¡ch khÃ¡c nhau trong thÃ¹ng, tÃ´i pháº£i láº¥y khÄƒn giáº¥y, vá»«a lau bá»¥i, vá»«a lau nÆ°á»›c mÆ°a

quyá»ƒn nÃ y cÃ³ thá»ƒ do va Ä‘áº­p trong lÃºc váº­n chuyá»ƒn nÃªn khÃ´ng thá»ƒ mang táº·ng, yÃªu cáº§u tiki kháº¯c phá»¥c sá»± cá»‘ ngoÃ i Ã½ muá»‘n nÃ y",,,0,0
9425,"Sáº£n pháº©m Ä‘Æ°á»£c Ä‘Ã³ng gÃ³i ráº¥t tá»‡ , giao hÃ ng láº§n nÃ y cháº­m trá»… hÆ¡n 2 ngÃ y so vá»›i ngÃ y  dá»± kiáº¿n .ÄÃ³ng gÃ³i sÆ¡ sÃ i, ko cÃ³ bá»c chá»‘ng sá»‘c hay gÃ¬ cáº£ ? .Ráº¥t tháº¥t vá»ng ?.",,,0,0
